{"v":"5.7.4","fr":25,"ip":0,"op":200,"w":1000,"h":1000,"nm":"Comp 1","ddd":0,"assets":[{"id":"comp_0","layers":[{"ddd":0,"ind":1,"ty":4,"nm":"Face 2","td":1,"sr":1,"ks":{"o":{"a":0,"k":100,"ix":11},"r":{"a":0,"k":0,"ix":10},"p":{"a":0,"k":[391.554,328.574,0],"ix":2,"l":2},"a":{"a":0,"k":[60.027,149.081,0],"ix":1,"l":2},"s":{"a":0,"k":[100,100,100],"ix":6,"l":2}},"ao":0,"shapes":[{"ty":"gr","it":[{"ind":0,"ty":"sh","ix":1,"ks":{"a":0,"k":{"i":[[4.95,-20.254],[0.204,-0.726],[16.728,-8.917],[14.806,13.194],[3.558,16.26],[-0.45,8.029],[-27.036,9.886],[-7.445,-0.161],[-7.199,-4.842],[-4.212,-11.419]],"o":[[-0.163,0.727],[-4.95,18.036],[-17.792,9.482],[-12.025,-10.731],[-1.882,-8.271],[1.513,-27.275],[6.708,-2.461],[8.835,0.202],[10.224,6.86],[7.24,19.609]],"v":[[54.827,21.828],[54.256,24.047],[20.43,68.349],[-33.682,60.642],[-57.2,17.995],[-59.327,-6.779],[-16.34,-74.079],[5.297,-77.67],[30.083,-70.367],[51.801,-41.639]],"c":true},"ix":2},"nm":"Path 1","mn":"ADBE Vector Shape - Group","hd":false},{"ty":"fl","c":{"a":0,"k":[0.536999990426,0.313999998803,0.2,1],"ix":4},"o":{"a":0,"k":100,"ix":5},"r":1,"bm":0,"nm":"Fill 1","mn":"ADBE Vector Graphic - Fill","hd":false},{"ty":"tr","p":{"a":0,"k":[60.027,78.081],"ix":2},"a":{"a":0,"k":[0,0],"ix":1},"s":{"a":0,"k":[100,100],"ix":3},"r":{"a":0,"k":0,"ix":6},"o":{"a":0,"k":100,"ix":7},"sk":{"a":0,"k":0,"ix":4},"sa":{"a":0,"k":0,"ix":5},"nm":"Transform"}],"nm":"Group 1","np":4,"cix":2,"bm":0,"ix":1,"mn":"ADBE Vector Group","hd":false}],"ip":0,"op":215.416666666667,"st":0,"bm":0},{"ddd":0,"ind":2,"ty":4,"nm":"Front hair 2","parent":3,"tt":1,"sr":1,"ks":{"o":{"a":0,"k":100,"ix":11},"r":{"a":0,"k":0,"ix":10},"p":{"a":1,"k":[{"i":{"x":0.31,"y":1},"o":{"x":0.69,"y":0},"t":0,"s":[58.176,35.174,0],"to":[0.833,0,0],"ti":[0,-1.833,0]},{"i":{"x":0.31,"y":1},"o":{"x":0.69,"y":0},"t":27.342,"s":[63.176,35.174,0],"to":[0,0.947,0],"ti":[0.833,-1.833,0]},{"i":{"x":0.31,"y":1},"o":{"x":0.69,"y":0},"t":48.824,"s":[50.676,35.174,0],"to":[-0.833,1.833,0],"ti":[0.403,-0.886,0]},{"i":{"x":0.31,"y":1},"o":{"x":0.69,"y":0},"t":69.329,"s":[58.176,46.174,0],"to":[-0.833,1.833,0],"ti":[-2.167,1.167,0]},{"i":{"x":0.31,"y":1},"o":{"x":0.69,"y":0},"t":89.836,"s":[58.176,27.174,0],"to":[2.167,-1.167,0],"ti":[1.5,-2,0]},{"i":{"x":0.31,"y":1},"o":{"x":0.69,"y":0},"t":112.725,"s":[71.176,39.174,0],"to":[-1.5,2,0],"ti":[3.417,0.667,0]},{"i":{"x":0.31,"y":1},"o":{"x":0.69,"y":0},"t":135.041,"s":[49.176,39.174,0],"to":[-3.417,-0.667,0],"ti":[-3.667,0,0]},{"i":{"x":0.31,"y":1},"o":{"x":0.69,"y":0},"t":163.333,"s":[50.676,35.174,0],"to":[3.667,0,0],"ti":[-1.25,0,0]},{"i":{"x":0.31,"y":1},"o":{"x":0.69,"y":0},"t":187.501,"s":[71.176,39.174,0],"to":[1.25,0,0],"ti":[2.167,0.667,0]},{"t":210,"s":[58.176,35.174,0]}],"ix":2,"x":"var $bm_rt;\nvar range, samples, on_off;\nrange = $bm_div(effect('Position - Smoothness')('ADBE Slider Control-0001'), 20);\nsamples = $bm_div(effect('Position - Blend Precision')('ADBE Slider Control-0001'), 2);\n$bm_rt = on_off = effect('Position - Blend On/Off')('ADBE Checkbox Control-0001');\nif (on_off == 1) {\n    try {\n        $bm_rt = smooth(range, samples);\n    } catch (e$$4) {\n        $bm_rt = smooth(1, 1);\n    }\n} else {\n    $bm_rt = value = value;\n}","l":2},"a":{"a":0,"k":[85.02,57.511,0],"ix":1,"l":2},"s":{"a":0,"k":[100,100,100],"ix":6,"l":2}},"ao":0,"ef":[{"ty":5,"nm":"Position - Smoothness","np":3,"mn":"ADBE Slider Control","ix":1,"en":1,"ef":[{"ty":0,"nm":"Slider","mn":"ADBE Slider Control-0001","ix":1,"v":{"a":0,"k":4,"ix":1,"x":"var $bm_rt;\n$bm_rt = clamp(value, 0, 100);"}}]},{"ty":5,"nm":"Position - Blend Precision","np":3,"mn":"ADBE Slider Control","ix":2,"en":1,"ef":[{"ty":0,"nm":"Slider","mn":"ADBE Slider Control-0001","ix":1,"v":{"a":0,"k":25,"ix":1,"x":"var $bm_rt;\n$bm_rt = clamp(value, 0, 100);"}}]},{"ty":5,"nm":"Position - Blend On/Off","np":3,"mn":"ADBE Checkbox Control","ix":3,"en":1,"ef":[{"ty":7,"nm":"Checkbox","mn":"ADBE Checkbox Control-0001","ix":1,"v":{"a":0,"k":1,"ix":1}}]},{"ty":5,"nm":"Position - Smoothness","np":3,"mn":"ADBE Slider Control","ix":4,"en":1,"ef":[{"ty":0,"nm":"Slider","mn":"ADBE Slider Control-0001","ix":1,"v":{"a":0,"k":4,"ix":1,"x":"var $bm_rt;\n$bm_rt = clamp(value, 0, 100);"}}]},{"ty":5,"nm":"Position - Blend Precision","np":3,"mn":"ADBE Slider Control","ix":5,"en":1,"ef":[{"ty":0,"nm":"Slider","mn":"ADBE Slider Control-0001","ix":1,"v":{"a":0,"k":25,"ix":1,"x":"var $bm_rt;\n$bm_rt = clamp(value, 0, 100);"}}]},{"ty":5,"nm":"Position - Blend On/Off","np":3,"mn":"ADBE Checkbox Control","ix":6,"en":1,"ef":[{"ty":7,"nm":"Checkbox","mn":"ADBE Checkbox Control-0001","ix":1,"v":{"a":0,"k":1,"ix":1}}]}],"shapes":[{"ty":"gr","it":[{"ind":0,"ty":"sh","ix":1,"ks":{"a":0,"k":{"i":[[-2.813,0.249],[-0.985,1.038],[-0.512,2.794],[0,0],[1.936,1.273],[0,0],[1.89,-1.088],[0,0],[-0.269,-2.29],[0,0],[-2.975,0.065],[0,0],[4.686,7.343],[0,0],[0,0],[-2.555,-1.294],[0,0],[-0.088,-1.912],[0,0]],"o":[[2.235,-0.198],[3.428,-3.613],[0,0],[0.417,-2.28],[0,0],[-1.821,-1.199],[0,0],[-1.998,1.152],[0,0],[0.346,2.955],[0,0],[2.994,-0.066],[0,0],[0,0],[2.55,-1.306],[0,0],[1.632,1],[0,0],[0.13,2.822]],"v":[[68.66,44.472],[75.475,37.925],[81.035,27.654],[84.353,8.353],[81.848,2.491],[5.732,-47.58],[-0.322,-47.759],[-81.651,-0.881],[-84.501,4.793],[-73.188,33.686],[-65.83,40.783],[-59.357,36.569],[-58.725,43.171],[-56.021,1.274],[0.88,-27.882],[9.006,-27.902],[56.529,-3.824],[59.279,0.832],[61.241,43.528]],"c":true},"ix":2},"nm":"Path 1","mn":"ADBE Vector Shape - Group","hd":false},{"ty":"fl","c":{"a":0,"k":[0.067000003889,0.067000003889,0.067000003889,1],"ix":4},"o":{"a":0,"k":100,"ix":5},"r":1,"bm":0,"nm":"Fill 1","mn":"ADBE Vector Graphic - Fill","hd":false},{"ty":"tr","p":{"a":0,"k":[85.02,49.098],"ix":2},"a":{"a":0,"k":[0,0],"ix":1},"s":{"a":0,"k":[100,100],"ix":3},"r":{"a":0,"k":0,"ix":6},"o":{"a":0,"k":100,"ix":7},"sk":{"a":0,"k":0,"ix":4},"sa":{"a":0,"k":0,"ix":5},"nm":"Transform"}],"nm":"Group 1","np":4,"cix":2,"bm":0,"ix":1,"mn":"ADBE Vector Group","hd":false},{"ty":"gr","it":[{"ind":0,"ty":"sh","ix":1,"ks":{"a":0,"k":{"i":[[0.296,-10.775],[-1.187,-0.805],[-0.898,0.981],[-0.383,1.274],[-2.183,4.227],[-0.761,2.412],[1.73,3.661],[1.989,0.838],[2.117,-2.98]],"o":[[-0.04,1.434],[1.102,0.746],[0.9,-0.981],[1.371,-4.556],[1.16,-2.248],[1.218,-3.861],[-0.921,-1.951],[-3.369,-1.417],[-6.818,9.605]],"v":[[-4.795,16.844],[-3.602,20.781],[-0.016,20.051],[1.652,16.465],[6.888,3.21],[10.117,-3.645],[9.312,-15.483],[4.994,-20.111],[-4.517,-16.584]],"c":true},"ix":2},"nm":"Path 1","mn":"ADBE Vector Shape - Group","hd":false},{"ty":"fl","c":{"a":0,"k":[0.067000003889,0.067000003889,0.067000003889,1],"ix":4},"o":{"a":0,"k":100,"ix":5},"r":1,"bm":0,"nm":"Fill 1","mn":"ADBE Vector Graphic - Fill","hd":false},{"ty":"tr","p":{"a":0,"k":[142.506,93.245],"ix":2},"a":{"a":0,"k":[0,0],"ix":1},"s":{"a":0,"k":[100,100],"ix":3},"r":{"a":0,"k":0,"ix":6},"o":{"a":0,"k":100,"ix":7},"sk":{"a":0,"k":0,"ix":4},"sa":{"a":0,"k":0,"ix":5},"nm":"Transform"}],"nm":"Group 2","np":4,"cix":2,"bm":0,"ix":2,"mn":"ADBE Vector Group","hd":false},{"ty":"gr","it":[{"ind":0,"ty":"sh","ix":1,"ks":{"a":0,"k":{"i":[[-2.873,-14.336],[-0.352,-0.282],[-0.335,-0.05],[-1.254,-0.183],[-1.489,11.904],[0.598,2.065],[2.143,0.165],[1.353,-2.282]],"o":[[0.088,0.442],[0.264,0.211],[1.252,0.183],[1.74,-11.87],[0.267,-2.134],[-0.598,-2.064],[-2.645,-0.205],[-8.342,14.073]],"v":[[-0.896,21.132],[-0.349,22.337],[0.604,22.654],[4.362,23.204],[9.207,-12.46],[9.133,-18.861],[4.707,-22.999],[-1.388,-18.566]],"c":true},"ix":2},"nm":"Path 1","mn":"ADBE Vector Shape - Group","hd":false},{"ty":"fl","c":{"a":0,"k":[0.067000003889,0.067000003889,0.067000003889,1],"ix":4},"o":{"a":0,"k":100,"ix":5},"r":1,"bm":0,"nm":"Fill 1","mn":"ADBE Vector Graphic - Fill","hd":false},{"ty":"tr","p":{"a":0,"k":[31.611,87.916],"ix":2},"a":{"a":0,"k":[0,0],"ix":1},"s":{"a":0,"k":[100,100],"ix":3},"r":{"a":0,"k":0,"ix":6},"o":{"a":0,"k":100,"ix":7},"sk":{"a":0,"k":0,"ix":4},"sa":{"a":0,"k":0,"ix":5},"nm":"Transform"}],"nm":"Group 3","np":4,"cix":2,"bm":0,"ix":3,"mn":"ADBE Vector Group","hd":false},{"ty":"gr","it":[{"ind":0,"ty":"sh","ix":1,"ks":{"a":0,"k":{"i":[[2.983,-2.684],[4.122,-1.219],[7.235,1.055],[5.247,-2.288],[1.663,-3.809],[1.126,-4.002],[9.467,-9.112],[-6.606,14.362],[-4.598,4.611],[-14.245,0.929],[-6.51,-1.188],[-2.843,-3.904]],"o":[[-3.195,2.875],[-7.01,2.075],[-5.663,-0.825],[-3.811,1.661],[-1.664,3.809],[-3.557,12.649],[-2.21,-15.653],[2.721,-5.915],[10.079,-10.108],[6.602,-0.432],[4.347,0.793],[2.817,3.87]],"v":[[39.424,-20.915],[28.07,-15.028],[6.363,-13.473],[-9.141,-12.478],[-18.706,-4.715],[-22.293,7.214],[-38.801,41.392],[-39.697,-6.031],[-28.331,-21.793],[9.301,-40.21],[29.027,-38.512],[43.485,-32.578]],"c":true},"ix":2},"nm":"Path 1","mn":"ADBE Vector Shape - Group","hd":false},{"ty":"fl","c":{"a":0,"k":[0.067000003889,0.067000003889,0.067000003889,1],"ix":4},"o":{"a":0,"k":100,"ix":5},"r":1,"bm":0,"nm":"Fill 1","mn":"ADBE Vector Graphic - Fill","hd":false},{"ty":"tr","p":{"a":0,"k":[68.526,58.849],"ix":2},"a":{"a":0,"k":[0,0],"ix":1},"s":{"a":0,"k":[100,100],"ix":3},"r":{"a":0,"k":0,"ix":6},"o":{"a":0,"k":100,"ix":7},"sk":{"a":0,"k":0,"ix":4},"sa":{"a":0,"k":0,"ix":5},"nm":"Transform"}],"nm":"Group 4","np":4,"cix":2,"bm":0,"ix":4,"mn":"ADBE Vector Group","hd":false},{"ty":"gr","it":[{"ind":0,"ty":"sh","ix":1,"ks":{"a":0,"k":{"i":[[-5.44,-5],[-0.976,-5.828],[-0.586,-5.169],[-2.349,-2.752],[-3.902,-3.344],[1.768,11.492],[7.735,8.681],[4.791,1.909],[3.343,-0.636],[-0.598,-4.398]],"o":[[4.351,3.999],[0.86,5.13],[0.406,3.595],[3.336,3.909],[6.091,-9.904],[-1.767,-11.493],[-3.431,-3.851],[-3.142,-1.252],[-4.662,0.888],[0.993,7.311]],"v":[[-11.357,-11.044],[-0.169,2.198],[-2.145,17.563],[2.891,26.99],[13.547,37.669],[20.174,4.331],[5.178,-26.631],[-7.02,-35.919],[-17.056,-37.032],[-21.345,-30.313]],"c":true},"ix":2},"nm":"Path 1","mn":"ADBE Vector Shape - Group","hd":false},{"ty":"fl","c":{"a":0,"k":[0.067000003889,0.067000003889,0.067000003889,1],"ix":4},"o":{"a":0,"k":100,"ix":5},"r":1,"bm":0,"nm":"Fill 1","mn":"ADBE Vector Graphic - Fill","hd":false},{"ty":"tr","p":{"a":0,"k":[132.861,65.452],"ix":2},"a":{"a":0,"k":[0,0],"ix":1},"s":{"a":0,"k":[100,100],"ix":3},"r":{"a":0,"k":0,"ix":6},"o":{"a":0,"k":100,"ix":7},"sk":{"a":0,"k":0,"ix":4},"sa":{"a":0,"k":0,"ix":5},"nm":"Transform"}],"nm":"Group 5","np":4,"cix":2,"bm":0,"ix":5,"mn":"ADBE Vector Group","hd":false}],"ip":0,"op":215.416666666667,"st":0,"bm":0},{"ddd":0,"ind":3,"ty":4,"nm":"Face","sr":1,"ks":{"o":{"a":0,"k":100,"ix":11},"r":{"a":0,"k":0,"ix":10},"p":{"a":0,"k":[391.794,329.547,0],"ix":2,"l":2},"a":{"a":0,"k":[60.027,149.081,0],"ix":1,"l":2},"s":{"a":0,"k":[100,100,100],"ix":6,"l":2}},"ao":0,"shapes":[{"ty":"gr","it":[{"ind":0,"ty":"sh","ix":1,"ks":{"a":0,"k":{"i":[[4.95,-20.254],[0.204,-0.726],[16.728,-8.917],[14.806,13.194],[3.558,16.26],[-0.45,8.029],[-27.036,9.886],[-7.445,-0.161],[-7.199,-4.842],[-4.212,-11.419]],"o":[[-0.163,0.727],[-4.95,18.036],[-17.792,9.482],[-12.025,-10.731],[-1.882,-8.271],[1.513,-27.275],[6.708,-2.461],[8.835,0.202],[10.224,6.86],[7.24,19.609]],"v":[[54.827,21.828],[54.256,24.047],[20.43,68.349],[-33.682,60.642],[-57.2,17.995],[-59.327,-6.779],[-16.34,-74.079],[5.297,-77.67],[30.083,-70.367],[51.801,-41.639]],"c":true},"ix":2},"nm":"Path 1","mn":"ADBE Vector Shape - Group","hd":false},{"ty":"fl","c":{"a":0,"k":[0.536999990426,0.313999998803,0.2,1],"ix":4},"o":{"a":0,"k":100,"ix":5},"r":1,"bm":0,"nm":"Fill 1","mn":"ADBE Vector Graphic - Fill","hd":false},{"ty":"tr","p":{"a":0,"k":[60.027,78.081],"ix":2},"a":{"a":0,"k":[0,0],"ix":1},"s":{"a":0,"k":[100,100],"ix":3},"r":{"a":0,"k":0,"ix":6},"o":{"a":0,"k":100,"ix":7},"sk":{"a":0,"k":0,"ix":4},"sa":{"a":0,"k":0,"ix":5},"nm":"Transform"}],"nm":"Group 1","np":4,"cix":2,"bm":0,"ix":1,"mn":"ADBE Vector Group","hd":false}],"ip":0,"op":215.416666666667,"st":0,"bm":0},{"ddd":0,"ind":4,"ty":4,"nm":"Shape Layer 3","td":1,"sr":1,"ks":{"o":{"a":0,"k":100,"ix":11},"r":{"a":0,"k":0,"ix":10},"p":{"a":0,"k":[376.5,376.5,0],"ix":2,"l":2},"a":{"a":0,"k":[0,0,0],"ix":1,"l":2},"s":{"a":0,"k":[100,100,100],"ix":6,"l":2}},"ao":0,"shapes":[{"ty":"gr","it":[{"ind":0,"ty":"sh","ix":1,"ks":{"a":0,"k":{"i":[[0,15],[0,0],[4,-10.5],[0,0],[-11.5,0],[0,0.5]],"o":[[0,-15],[0,0],[-4,10.5],[0,0],[11.5,0],[0,-0.5]],"v":[[38,-71.5],[-12.5,-69.5],[-17,-44.5],[-21,-28.5],[18,-14.5],[48.5,-29]],"c":true},"ix":2},"nm":"Path 1","mn":"ADBE Vector Shape - Group","hd":false},{"ty":"st","c":{"a":0,"k":[0.329412004059,0.63529399797,0.949020026712,1],"ix":3},"o":{"a":0,"k":100,"ix":4},"w":{"a":0,"k":0,"ix":5},"lc":1,"lj":1,"ml":4,"bm":0,"nm":"Stroke 1","mn":"ADBE Vector Graphic - Stroke","hd":false},{"ty":"fl","c":{"a":0,"k":[1,0.588277001474,0.454901990704,1],"ix":4},"o":{"a":0,"k":100,"ix":5},"r":1,"bm":0,"nm":"Fill 1","mn":"ADBE Vector Graphic - Fill","hd":false},{"ty":"tr","p":{"a":0,"k":[0,0],"ix":2},"a":{"a":0,"k":[0,0],"ix":1},"s":{"a":0,"k":[100,100],"ix":3},"r":{"a":0,"k":0,"ix":6},"o":{"a":0,"k":100,"ix":7},"sk":{"a":0,"k":0,"ix":4},"sa":{"a":0,"k":0,"ix":5},"nm":"Transform"}],"nm":"Shape 1","np":3,"cix":2,"bm":0,"ix":1,"mn":"ADBE Vector Group","hd":false}],"ip":0,"op":213.75,"st":0,"bm":0},{"ddd":0,"ind":5,"ty":4,"nm":"Shape Layer 4","parent":2,"tt":1,"sr":1,"ks":{"o":{"a":0,"k":100,"ix":11},"r":{"a":0,"k":0,"ix":10},"p":{"a":0,"k":[71.578,218.871,0],"ix":2,"l":2},"a":{"a":0,"k":[0,0,0],"ix":1,"l":2},"s":{"a":0,"k":[100,100,100],"ix":6,"l":2}},"ao":0,"shapes":[{"ty":"gr","it":[{"ind":0,"ty":"sh","ix":1,"ks":{"a":0,"k":{"i":[[0,0],[-24.505,0],[0,0]],"o":[[0,0],[24.5,0],[0,0]],"v":[[-16,-71],[15,-33.5],[49.5,-70.5]],"c":true},"ix":2},"nm":"Path 1","mn":"ADBE Vector Shape - Group","hd":false},{"ty":"st","c":{"a":0,"k":[0.329412004059,0.63529399797,0.949020026712,1],"ix":3},"o":{"a":0,"k":100,"ix":4},"w":{"a":0,"k":0,"ix":5},"lc":1,"lj":1,"ml":4,"bm":0,"nm":"Stroke 1","mn":"ADBE Vector Graphic - Stroke","hd":false},{"ty":"fl","c":{"a":0,"k":[0.349019607843,0.203873279048,0.130026903339,1],"ix":4},"o":{"a":0,"k":100,"ix":5},"r":1,"bm":0,"nm":"Fill 1","mn":"ADBE Vector Graphic - Fill","hd":false},{"ty":"tr","p":{"a":0,"k":[-2,0],"ix":2},"a":{"a":0,"k":[0,0],"ix":1},"s":{"a":0,"k":[100,100],"ix":3},"r":{"a":0,"k":0,"ix":6},"o":{"a":0,"k":100,"ix":7},"sk":{"a":0,"k":0,"ix":4},"sa":{"a":0,"k":0,"ix":5},"nm":"Transform"}],"nm":"Shape 1","np":3,"cix":2,"bm":0,"ix":1,"mn":"ADBE Vector Group","hd":false}],"ip":0,"op":213.75,"st":0,"bm":0},{"ddd":0,"ind":6,"ty":4,"nm":"Ears","parent":3,"td":1,"sr":1,"ks":{"o":{"a":0,"k":100,"ix":11},"r":{"a":0,"k":0,"ix":10},"p":{"a":1,"k":[{"i":{"x":0.31,"y":1},"o":{"x":0.69,"y":0},"t":0,"s":[60.81,97.959,0],"to":[-1,0,0],"ti":[0,3,0]},{"i":{"x":0.31,"y":1},"o":{"x":0.69,"y":0},"t":27.342,"s":[54.81,97.959,0],"to":[0,-1.541,0],"ti":[-1,3,0]},{"i":{"x":0.31,"y":1},"o":{"x":0.69,"y":0},"t":48.824,"s":[65.81,97.959,0],"to":[1,-3,0],"ti":[-0.486,1.459,0]},{"i":{"x":0.31,"y":1},"o":{"x":0.69,"y":0},"t":69.329,"s":[60.81,79.959,0],"to":[1,-3,0],"ti":[0.667,-0.5,0]},{"i":{"x":0.31,"y":1},"o":{"x":0.69,"y":0},"t":89.836,"s":[60.81,106.959,0],"to":[-0.667,0.5,0],"ti":[-0.5,4,0]},{"i":{"x":0.31,"y":1},"o":{"x":0.69,"y":0},"t":112.725,"s":[56.81,82.959,0],"to":[0.5,-4,0],"ti":[-1.5,-2.5,0]},{"i":{"x":0.31,"y":1},"o":{"x":0.69,"y":0},"t":135.041,"s":[63.81,82.959,0],"to":[1.5,2.5,0],"ti":[1.167,0,0]},{"i":{"x":0.31,"y":1},"o":{"x":0.69,"y":0},"t":163.333,"s":[65.81,97.959,0],"to":[-1.167,0,0],"ti":[0.833,0,0]},{"i":{"x":0.31,"y":1},"o":{"x":0.69,"y":0},"t":187.501,"s":[56.81,82.959,0],"to":[-0.833,0,0],"ti":[-0.667,-2.5,0]},{"t":210,"s":[60.81,97.959,0]}],"ix":2,"x":"var $bm_rt;\nvar range, samples, on_off;\nrange = $bm_div(effect('Position - Smoothness')('ADBE Slider Control-0001'), 20);\nsamples = $bm_div(effect('Position - Blend Precision')('ADBE Slider Control-0001'), 2);\n$bm_rt = on_off = effect('Position - Blend On/Off')('ADBE Checkbox Control-0001');\nif (on_off == 1) {\n    try {\n        $bm_rt = smooth(range, samples);\n    } catch (e$$4) {\n        $bm_rt = smooth(1, 1);\n    }\n} else {\n    $bm_rt = value = value;\n}","l":2},"a":{"a":0,"k":[73.107,24.583,0],"ix":1,"l":2},"s":{"a":0,"k":[100,100,100],"ix":6,"l":2}},"ao":0,"ef":[{"ty":5,"nm":"Position - Smoothness","np":3,"mn":"ADBE Slider Control","ix":1,"en":1,"ef":[{"ty":0,"nm":"Slider","mn":"ADBE Slider Control-0001","ix":1,"v":{"a":0,"k":4,"ix":1,"x":"var $bm_rt;\n$bm_rt = clamp(value, 0, 100);"}}]},{"ty":5,"nm":"Position - Blend Precision","np":3,"mn":"ADBE Slider Control","ix":2,"en":1,"ef":[{"ty":0,"nm":"Slider","mn":"ADBE Slider Control-0001","ix":1,"v":{"a":0,"k":25,"ix":1,"x":"var $bm_rt;\n$bm_rt = clamp(value, 0, 100);"}}]},{"ty":5,"nm":"Position - Blend On/Off","np":3,"mn":"ADBE Checkbox Control","ix":3,"en":1,"ef":[{"ty":7,"nm":"Checkbox","mn":"ADBE Checkbox Control-0001","ix":1,"v":{"a":0,"k":1,"ix":1}}]},{"ty":5,"nm":"Position - Smoothness","np":3,"mn":"ADBE Slider Control","ix":4,"en":1,"ef":[{"ty":0,"nm":"Slider","mn":"ADBE Slider Control-0001","ix":1,"v":{"a":0,"k":4,"ix":1,"x":"var $bm_rt;\n$bm_rt = clamp(value, 0, 100);"}}]},{"ty":5,"nm":"Position - Blend Precision","np":3,"mn":"ADBE Slider Control","ix":5,"en":1,"ef":[{"ty":0,"nm":"Slider","mn":"ADBE Slider Control-0001","ix":1,"v":{"a":0,"k":25,"ix":1,"x":"var $bm_rt;\n$bm_rt = clamp(value, 0, 100);"}}]},{"ty":5,"nm":"Position - Blend On/Off","np":3,"mn":"ADBE Checkbox Control","ix":6,"en":1,"ef":[{"ty":7,"nm":"Checkbox","mn":"ADBE Checkbox Control-0001","ix":1,"v":{"a":0,"k":1,"ix":1}}]}],"shapes":[{"ty":"gr","it":[{"ind":0,"ty":"sh","ix":1,"ks":{"a":0,"k":{"i":[[0,0],[0.299,-0.904],[-0.975,0.334],[0,0]],"o":[[0,0],[-0.299,0.904],[0.975,-0.334],[0,0]],"v":[[133.263,28.687],[127.836,47.465],[128.91,49.757],[137.447,29.209]],"c":true},"ix":2},"nm":"Path 1","mn":"ADBE Vector Shape - Group","hd":false},{"ty":"st","c":{"a":0,"k":[0,0,0,1],"ix":3},"o":{"a":0,"k":100,"ix":4},"w":{"a":0,"k":0,"ix":5},"lc":1,"lj":1,"ml":4,"bm":0,"nm":"Stroke 1","mn":"ADBE Vector Graphic - Stroke","hd":false},{"ty":"fl","c":{"a":0,"k":[1,1,1,1],"ix":4},"o":{"a":0,"k":100,"ix":5},"r":1,"bm":0,"nm":"Fill 1","mn":"ADBE Vector Graphic - Fill","hd":false},{"ty":"tr","p":{"a":0,"k":[15.665,38.546],"ix":2},"a":{"a":0,"k":[132.047,39.42],"ix":1},"s":{"a":0,"k":[-93.613,100],"ix":3},"r":{"a":0,"k":5.843,"ix":6},"o":{"a":0,"k":100,"ix":7},"sk":{"a":0,"k":0,"ix":4},"sa":{"a":0,"k":0,"ix":5},"nm":"Transform"}],"nm":"Shape 2","np":3,"cix":2,"bm":0,"ix":1,"mn":"ADBE Vector Group","hd":false},{"ty":"gr","it":[{"ind":0,"ty":"sh","ix":1,"ks":{"a":0,"k":{"i":[[0,0],[0.299,-0.904],[-0.975,0.334],[0,0]],"o":[[0,0],[-0.299,0.904],[0.975,-0.334],[0,0]],"v":[[133.263,28.687],[127.836,47.465],[128.91,49.757],[137.447,29.209]],"c":true},"ix":2},"nm":"Path 1","mn":"ADBE Vector Shape - Group","hd":false},{"ty":"st","c":{"a":0,"k":[0,0,0,1],"ix":3},"o":{"a":0,"k":100,"ix":4},"w":{"a":0,"k":0,"ix":5},"lc":1,"lj":1,"ml":4,"bm":0,"nm":"Stroke 1","mn":"ADBE Vector Graphic - Stroke","hd":false},{"ty":"fl","c":{"a":0,"k":[1,1,1,1],"ix":4},"o":{"a":0,"k":100,"ix":5},"r":1,"bm":0,"nm":"Fill 1","mn":"ADBE Vector Graphic - Fill","hd":false},{"ty":"tr","p":{"a":0,"k":[0,0],"ix":2},"a":{"a":0,"k":[0,0],"ix":1},"s":{"a":0,"k":[100,100],"ix":3},"r":{"a":0,"k":0,"ix":6},"o":{"a":0,"k":100,"ix":7},"sk":{"a":0,"k":0,"ix":4},"sa":{"a":0,"k":0,"ix":5},"nm":"Transform"}],"nm":"Shape 1","np":3,"cix":2,"bm":0,"ix":2,"mn":"ADBE Vector Group","hd":false},{"ty":"gr","it":[{"d":1,"ty":"el","s":{"a":0,"k":[7.579,12.402],"ix":2},"p":{"a":0,"k":[0,0],"ix":3},"nm":"Ellipse Path 1","mn":"ADBE Vector Shape - Ellipse","hd":false},{"ty":"st","c":{"a":0,"k":[0,0,0,1],"ix":3},"o":{"a":0,"k":100,"ix":4},"w":{"a":0,"k":0,"ix":5},"lc":1,"lj":1,"ml":4,"bm":0,"nm":"Stroke 1","mn":"ADBE Vector Graphic - Stroke","hd":false},{"ty":"fl","c":{"a":0,"k":[1,1,1,1],"ix":4},"o":{"a":0,"k":100,"ix":5},"r":1,"bm":0,"nm":"Fill 1","mn":"ADBE Vector Graphic - Fill","hd":false},{"ty":"tr","p":{"a":0,"k":[15.483,27.774],"ix":2},"a":{"a":0,"k":[0,0],"ix":1},"s":{"a":0,"k":[100,100],"ix":3},"r":{"a":0,"k":0,"ix":6},"o":{"a":0,"k":100,"ix":7},"sk":{"a":0,"k":0,"ix":4},"sa":{"a":0,"k":0,"ix":5},"nm":"Transform"}],"nm":"Ellipse 2","np":3,"cix":2,"bm":0,"ix":3,"mn":"ADBE Vector Group","hd":false},{"ty":"gr","it":[{"d":1,"ty":"el","s":{"a":0,"k":[7.579,12.402],"ix":2},"p":{"a":0,"k":[0,0],"ix":3},"nm":"Ellipse Path 1","mn":"ADBE Vector Shape - Ellipse","hd":false},{"ty":"st","c":{"a":0,"k":[0,0,0,1],"ix":3},"o":{"a":0,"k":100,"ix":4},"w":{"a":0,"k":0,"ix":5},"lc":1,"lj":1,"ml":4,"bm":0,"nm":"Stroke 1","mn":"ADBE Vector Graphic - Stroke","hd":false},{"ty":"fl","c":{"a":0,"k":[1,1,1,1],"ix":4},"o":{"a":0,"k":100,"ix":5},"r":1,"bm":0,"nm":"Fill 1","mn":"ADBE Vector Graphic - Fill","hd":false},{"ty":"tr","p":{"a":0,"k":[133.698,27.897],"ix":2},"a":{"a":0,"k":[0,0],"ix":1},"s":{"a":0,"k":[100,100],"ix":3},"r":{"a":0,"k":0,"ix":6},"o":{"a":0,"k":100,"ix":7},"sk":{"a":0,"k":0,"ix":4},"sa":{"a":0,"k":0,"ix":5},"nm":"Transform"}],"nm":"Ellipse 1","np":3,"cix":2,"bm":0,"ix":4,"mn":"ADBE Vector Group","hd":false},{"ty":"gr","it":[{"ind":0,"ty":"sh","ix":1,"ks":{"a":0,"k":{"i":[[0.022,0.093],[3.559,1.255],[-2.455,-10.102],[-7.384,-3.177],[-0.117,-0.487]],"o":[[-1.098,-4.591],[-10.508,-3.708],[2.109,8.674],[2.357,1.013],[0,0]],"v":[[10.551,-8.404],[-1.475,-19.842],[-15.734,0.66],[0.346,20.674],[18.188,23.551]],"c":true},"ix":2},"nm":"Path 1","mn":"ADBE Vector Shape - Group","hd":false},{"ty":"fl","c":{"a":0,"k":[0.536999990426,0.313999998803,0.2,1],"ix":4},"o":{"a":0,"k":100,"ix":5},"r":1,"bm":0,"nm":"Fill 1","mn":"ADBE Vector Graphic - Fill","hd":false},{"ty":"tr","p":{"a":0,"k":[18.438,23.801],"ix":2},"a":{"a":0,"k":[0,0],"ix":1},"s":{"a":0,"k":[100,100],"ix":3},"r":{"a":0,"k":0,"ix":6},"o":{"a":0,"k":100,"ix":7},"sk":{"a":0,"k":0,"ix":4},"sa":{"a":0,"k":0,"ix":5},"nm":"Transform"}],"nm":"Group 1","np":4,"cix":2,"bm":0,"ix":5,"mn":"ADBE Vector Group","hd":false},{"ty":"gr","it":[{"ind":0,"ty":"sh","ix":1,"ks":{"a":0,"k":{"i":[[-0.022,0.092],[-3.558,1.256],[2.455,-10.101],[7.384,-3.176],[0.117,-0.488]],"o":[[1.098,-4.592],[10.508,-3.707],[-2.108,8.675],[-2.356,1.013],[0,0]],"v":[[-10.549,-8.404],[1.475,-19.843],[15.733,0.66],[-0.345,20.673],[-18.189,23.551]],"c":true},"ix":2},"nm":"Path 1","mn":"ADBE Vector Shape - Group","hd":false},{"ty":"fl","c":{"a":0,"k":[0.536999990426,0.313999998803,0.2,1],"ix":4},"o":{"a":0,"k":100,"ix":5},"r":1,"bm":0,"nm":"Fill 1","mn":"ADBE Vector Graphic - Fill","hd":false},{"ty":"tr","p":{"a":0,"k":[127.776,25.366],"ix":2},"a":{"a":0,"k":[0,0],"ix":1},"s":{"a":0,"k":[100,100],"ix":3},"r":{"a":0,"k":0,"ix":6},"o":{"a":0,"k":100,"ix":7},"sk":{"a":0,"k":0,"ix":4},"sa":{"a":0,"k":0,"ix":5},"nm":"Transform"}],"nm":"Group 2","np":4,"cix":2,"bm":0,"ix":6,"mn":"ADBE Vector Group","hd":false}],"ip":0,"op":215.416666666667,"st":0,"bm":0},{"ddd":0,"ind":7,"ty":4,"nm":"Neck s","parent":2,"tt":1,"sr":1,"ks":{"o":{"a":0,"k":100,"ix":11},"r":{"a":0,"k":0,"ix":10},"p":{"a":0,"k":[86.171,182.042,0],"ix":2,"l":2},"a":{"a":0,"k":[26.509,16.961,0],"ix":1,"l":2},"s":{"a":0,"k":[100,100,100],"ix":6,"l":2}},"ao":0,"shapes":[{"ty":"gr","it":[{"ind":0,"ty":"sh","ix":1,"ks":{"a":0,"k":{"i":[[-1.003,-4.936],[4.929,-4.686],[2.546,-1.146],[6.528,6.48],[2.166,5.458],[0,0],[0,0],[-0.379,0.025],[-0.297,0.024],[0,0]],"o":[[-2.113,6.305],[-1.978,1.894],[-8.559,3.888],[-4.334,-4.287],[1.191,-4.96],[0,0],[0.596,0.049],[0.163,0],[0,0],[0,0]],"v":[[26.259,-8.686],[15.56,8.088],[8.843,12.823],[-16.969,6.717],[-26.259,-8.337],[-24.309,-16.711],[-17.646,-16.711],[-16.157,-16.662],[-15.507,-16.711],[24.607,-16.711]],"c":true},"ix":2},"nm":"Path 1","mn":"ADBE Vector Shape - Group","hd":false},{"ty":"fl","c":{"a":0,"k":[0.375999989229,0.216000007181,0.144999994016,1],"ix":4},"o":{"a":0,"k":100,"ix":5},"r":1,"bm":0,"nm":"Fill 1","mn":"ADBE Vector Graphic - Fill","hd":false},{"ty":"tr","p":{"a":0,"k":[26.509,16.961],"ix":2},"a":{"a":0,"k":[0,0],"ix":1},"s":{"a":0,"k":[100,100],"ix":3},"r":{"a":0,"k":0,"ix":6},"o":{"a":0,"k":100,"ix":7},"sk":{"a":0,"k":0,"ix":4},"sa":{"a":0,"k":0,"ix":5},"nm":"Transform"}],"nm":"Group 1","np":4,"cix":2,"bm":0,"ix":1,"mn":"ADBE Vector Group","hd":false}],"ip":0,"op":215.416666666667,"st":0,"bm":0},{"ddd":0,"ind":8,"ty":4,"nm":"Shape Layer 1","td":1,"sr":1,"ks":{"o":{"a":0,"k":100,"ix":11},"r":{"a":0,"k":0,"ix":10},"p":{"a":0,"k":[375.296,265.309,0],"ix":2,"l":2},"a":{"a":0,"k":[0,0,0],"ix":1,"l":2},"s":{"a":0,"k":[74,74,100],"ix":6,"l":2}},"ao":0,"shapes":[{"ty":"gr","it":[{"d":1,"ty":"el","s":{"a":0,"k":[343.424,343.424],"ix":2},"p":{"a":0,"k":[0,0],"ix":3},"nm":"Ellipse Path 1","mn":"ADBE Vector Shape - Ellipse","hd":false},{"ty":"st","c":{"a":0,"k":[0,0,0,1],"ix":3},"o":{"a":0,"k":100,"ix":4},"w":{"a":0,"k":0,"ix":5},"lc":1,"lj":1,"ml":4,"bm":0,"nm":"Stroke 1","mn":"ADBE Vector Graphic - Stroke","hd":false},{"ty":"fl","c":{"a":0,"k":[1,0.665190333946,0.305882323022,1],"ix":4},"o":{"a":0,"k":100,"ix":5},"r":1,"bm":0,"nm":"Fill 1","mn":"ADBE Vector Graphic - Fill","hd":false},{"ty":"tr","p":{"a":0,"k":[11.964,38.706],"ix":2},"a":{"a":0,"k":[0,0],"ix":1},"s":{"a":0,"k":[114.742,114.742],"ix":3},"r":{"a":0,"k":0,"ix":6},"o":{"a":0,"k":100,"ix":7},"sk":{"a":0,"k":0,"ix":4},"sa":{"a":0,"k":0,"ix":5},"nm":"Transform"}],"nm":"Ellipse 1","np":3,"cix":2,"bm":0,"ix":1,"mn":"ADBE Vector Group","hd":false}],"ip":0,"op":214.583333333333,"st":0,"bm":0},{"ddd":0,"ind":9,"ty":4,"nm":"Body","tt":1,"sr":1,"ks":{"o":{"a":0,"k":100,"ix":11},"r":{"a":0,"k":0,"ix":10},"p":{"a":0,"k":[390.559,447.041,0],"ix":2,"l":2},"a":{"a":0,"k":[170.992,165.906,0],"ix":1,"l":2},"s":{"a":0,"k":[100,100,100],"ix":6,"l":2}},"ao":0,"shapes":[{"ty":"gr","it":[{"ind":0,"ty":"sh","ix":1,"ks":{"a":0,"k":{"i":[[0,0],[4.334,-15.893]],"o":[[0,0],[0,0]],"v":[[7.36,-16.299],[-7.36,16.299]],"c":false},"ix":2},"nm":"Path 1","mn":"ADBE Vector Shape - Group","hd":false},{"ty":"st","c":{"a":0,"k":[0.176000004189,0.112000005385,0.135000011968,1],"ix":3},"o":{"a":0,"k":100,"ix":4},"w":{"a":0,"k":0.53,"ix":5},"lc":2,"lj":2,"bm":0,"nm":"Stroke 1","mn":"ADBE Vector Graphic - Stroke","hd":false},{"ty":"tr","p":{"a":0,"k":[274.847,138.629],"ix":2},"a":{"a":0,"k":[0,0],"ix":1},"s":{"a":0,"k":[100,100],"ix":3},"r":{"a":0,"k":0,"ix":6},"o":{"a":0,"k":100,"ix":7},"sk":{"a":0,"k":0,"ix":4},"sa":{"a":0,"k":0,"ix":5},"nm":"Transform"}],"nm":"Group 1","np":2,"cix":2,"bm":0,"ix":1,"mn":"ADBE Vector Group","hd":false},{"ty":"gr","it":[{"ind":0,"ty":"sh","ix":1,"ks":{"a":0,"k":{"i":[[0,0],[0,0]],"o":[[0,0],[0,0]],"v":[[2.732,-27.112],[-2.732,27.112]],"c":false},"ix":2},"nm":"Path 1","mn":"ADBE Vector Shape - Group","hd":false},{"ty":"st","c":{"a":0,"k":[0.176000004189,0.112000005385,0.135000011968,1],"ix":3},"o":{"a":0,"k":100,"ix":4},"w":{"a":0,"k":0.53,"ix":5},"lc":2,"lj":2,"bm":0,"nm":"Stroke 1","mn":"ADBE Vector Graphic - Stroke","hd":false},{"ty":"tr","p":{"a":0,"k":[267.646,221.77],"ix":2},"a":{"a":0,"k":[0,0],"ix":1},"s":{"a":0,"k":[100,100],"ix":3},"r":{"a":0,"k":0,"ix":6},"o":{"a":0,"k":100,"ix":7},"sk":{"a":0,"k":0,"ix":4},"sa":{"a":0,"k":0,"ix":5},"nm":"Transform"}],"nm":"Group 2","np":2,"cix":2,"bm":0,"ix":2,"mn":"ADBE Vector Group","hd":false},{"ty":"gr","it":[{"ind":0,"ty":"sh","ix":1,"ks":{"a":0,"k":{"i":[[0,0],[0,0]],"o":[[0,0],[0,0]],"v":[[1.445,-78.558],[-1.445,78.558]],"c":false},"ix":2},"nm":"Path 1","mn":"ADBE Vector Shape - Group","hd":false},{"ty":"st","c":{"a":0,"k":[0.176000004189,0.112000005385,0.135000011968,1],"ix":3},"o":{"a":0,"k":100,"ix":4},"w":{"a":0,"k":0.53,"ix":5},"lc":2,"lj":2,"bm":0,"nm":"Stroke 1","mn":"ADBE Vector Graphic - Stroke","hd":false},{"ty":"tr","p":{"a":0,"k":[264.959,252.989],"ix":2},"a":{"a":0,"k":[0,0],"ix":1},"s":{"a":0,"k":[100,100],"ix":3},"r":{"a":0,"k":0,"ix":6},"o":{"a":0,"k":100,"ix":7},"sk":{"a":0,"k":0,"ix":4},"sa":{"a":0,"k":0,"ix":5},"nm":"Transform"}],"nm":"Group 3","np":2,"cix":2,"bm":0,"ix":3,"mn":"ADBE Vector Group","hd":false},{"ty":"gr","it":[{"ind":0,"ty":"sh","ix":1,"ks":{"a":0,"k":{"i":[[0,0],[-4.334,-15.893]],"o":[[0,0],[0,0]],"v":[[-7.359,-16.299],[7.359,16.299]],"c":false},"ix":2},"nm":"Path 1","mn":"ADBE Vector Shape - Group","hd":false},{"ty":"st","c":{"a":0,"k":[0.176000004189,0.112000005385,0.135000011968,1],"ix":3},"o":{"a":0,"k":100,"ix":4},"w":{"a":0,"k":0.53,"ix":5},"lc":2,"lj":2,"bm":0,"nm":"Stroke 1","mn":"ADBE Vector Graphic - Stroke","hd":false},{"ty":"tr","p":{"a":0,"k":[59.71,138.629],"ix":2},"a":{"a":0,"k":[0,0],"ix":1},"s":{"a":0,"k":[100,100],"ix":3},"r":{"a":0,"k":0,"ix":6},"o":{"a":0,"k":100,"ix":7},"sk":{"a":0,"k":0,"ix":4},"sa":{"a":0,"k":0,"ix":5},"nm":"Transform"}],"nm":"Group 4","np":2,"cix":2,"bm":0,"ix":4,"mn":"ADBE Vector Group","hd":false},{"ty":"gr","it":[{"ind":0,"ty":"sh","ix":1,"ks":{"a":0,"k":{"i":[[0,0],[0,0]],"o":[[0,0],[0,0]],"v":[[-2.731,-27.112],[2.731,27.112]],"c":false},"ix":2},"nm":"Path 1","mn":"ADBE Vector Shape - Group","hd":false},{"ty":"st","c":{"a":0,"k":[0.176000004189,0.112000005385,0.135000011968,1],"ix":3},"o":{"a":0,"k":100,"ix":4},"w":{"a":0,"k":0.53,"ix":5},"lc":2,"lj":2,"bm":0,"nm":"Stroke 1","mn":"ADBE Vector Graphic - Stroke","hd":false},{"ty":"tr","p":{"a":0,"k":[66.911,221.77],"ix":2},"a":{"a":0,"k":[0,0],"ix":1},"s":{"a":0,"k":[100,100],"ix":3},"r":{"a":0,"k":0,"ix":6},"o":{"a":0,"k":100,"ix":7},"sk":{"a":0,"k":0,"ix":4},"sa":{"a":0,"k":0,"ix":5},"nm":"Transform"}],"nm":"Group 5","np":2,"cix":2,"bm":0,"ix":5,"mn":"ADBE Vector Group","hd":false},{"ty":"gr","it":[{"ind":0,"ty":"sh","ix":1,"ks":{"a":0,"k":{"i":[[0,0],[0,0]],"o":[[0,0],[0,0]],"v":[[-1.445,-78.558],[1.445,78.558]],"c":false},"ix":2},"nm":"Path 1","mn":"ADBE Vector Shape - Group","hd":false},{"ty":"st","c":{"a":0,"k":[0.176000004189,0.112000005385,0.135000011968,1],"ix":3},"o":{"a":0,"k":100,"ix":4},"w":{"a":0,"k":0.53,"ix":5},"lc":2,"lj":2,"bm":0,"nm":"Stroke 1","mn":"ADBE Vector Graphic - Stroke","hd":false},{"ty":"tr","p":{"a":0,"k":[69.597,252.989],"ix":2},"a":{"a":0,"k":[0,0],"ix":1},"s":{"a":0,"k":[100,100],"ix":3},"r":{"a":0,"k":0,"ix":6},"o":{"a":0,"k":100,"ix":7},"sk":{"a":0,"k":0,"ix":4},"sa":{"a":0,"k":0,"ix":5},"nm":"Transform"}],"nm":"Group 6","np":2,"cix":2,"bm":0,"ix":6,"mn":"ADBE Vector Group","hd":false},{"ty":"gr","it":[{"ind":0,"ty":"sh","ix":1,"ks":{"a":0,"k":{"i":[[0,0],[4.385,-14.777],[1.661,-7.69],[-3.334,-6.568],[-2.364,-4.73],[1.433,-9.84]],"o":[[11.51,10.253],[-2.238,7.543],[-1.556,7.2],[2.394,4.715],[4.445,8.894],[0,0]],"v":[[-9.604,-64.213],[2.391,-22.072],[-5.901,-0.01],[-3.124,21.484],[5.154,35.002],[8.171,64.213]],"c":false},"ix":2},"nm":"Path 1","mn":"ADBE Vector Shape - Group","hd":false},{"ty":"st","c":{"a":0,"k":[0.176000004189,0.112000005385,0.135000011968,1],"ix":3},"o":{"a":0,"k":100,"ix":4},"w":{"a":0,"k":1.061,"ix":5},"lc":2,"lj":2,"bm":0,"nm":"Stroke 1","mn":"ADBE Vector Graphic - Stroke","hd":false},{"ty":"tr","p":{"a":0,"k":[204.531,164.455],"ix":2},"a":{"a":0,"k":[0,0],"ix":1},"s":{"a":0,"k":[100,100],"ix":3},"r":{"a":0,"k":0,"ix":6},"o":{"a":0,"k":100,"ix":7},"sk":{"a":0,"k":0,"ix":4},"sa":{"a":0,"k":0,"ix":5},"nm":"Transform"}],"nm":"Group 7","np":2,"cix":2,"bm":0,"ix":7,"mn":"ADBE Vector Group","hd":false},{"ty":"gr","it":[{"ind":0,"ty":"sh","ix":1,"ks":{"a":0,"k":{"i":[[0,-1.945],[1.945,0],[0,1.944],[-1.945,0]],"o":[[0,1.944],[-1.945,0],[0,-1.945],[1.945,0]],"v":[[3.522,0],[0,3.521],[-3.522,0],[0,-3.521]],"c":true},"ix":2},"nm":"Path 1","mn":"ADBE Vector Shape - Group","hd":false},{"ty":"st","c":{"a":0,"k":[0.176000004189,0.112000005385,0.135000011968,1],"ix":3},"o":{"a":0,"k":100,"ix":4},"w":{"a":0,"k":0.53,"ix":5},"lc":2,"lj":2,"bm":0,"nm":"Stroke 1","mn":"ADBE Vector Graphic - Stroke","hd":false},{"ty":"tr","p":{"a":0,"k":[195.741,100.569],"ix":2},"a":{"a":0,"k":[0,0],"ix":1},"s":{"a":0,"k":[100,100],"ix":3},"r":{"a":0,"k":0,"ix":6},"o":{"a":0,"k":100,"ix":7},"sk":{"a":0,"k":0,"ix":4},"sa":{"a":0,"k":0,"ix":5},"nm":"Transform"}],"nm":"Group 8","np":2,"cix":2,"bm":0,"ix":8,"mn":"ADBE Vector Group","hd":false},{"ty":"gr","it":[{"ind":0,"ty":"sh","ix":1,"ks":{"a":0,"k":{"i":[[0,0],[3.431,-7.136],[-3.513,-7.096],[-1.94,-3.357],[1.149,-6.409],[3.471,-10.697],[-5.299,-8.784]],"o":[[-6.403,4.659],[-3.431,7.137],[1.721,3.476],[3.257,5.638],[-1.985,11.069],[-3.165,9.758],[0,0]],"v":[[11.884,-64.674],[-3.789,-47.148],[-4.461,-24.213],[1.835,-14.441],[5.134,4.41],[-8.719,35.024],[-5.306,64.674]],"c":false},"ix":2},"nm":"Path 1","mn":"ADBE Vector Shape - Group","hd":false},{"ty":"st","c":{"a":0,"k":[0.176000004189,0.112000005385,0.135000011968,1],"ix":3},"o":{"a":0,"k":100,"ix":4},"w":{"a":0,"k":1.061,"ix":5},"lc":2,"lj":2,"bm":0,"nm":"Stroke 1","mn":"ADBE Vector Graphic - Stroke","hd":false},{"ty":"tr","p":{"a":0,"k":[141.515,166.595],"ix":2},"a":{"a":0,"k":[0,0],"ix":1},"s":{"a":0,"k":[100,100],"ix":3},"r":{"a":0,"k":0,"ix":6},"o":{"a":0,"k":100,"ix":7},"sk":{"a":0,"k":0,"ix":4},"sa":{"a":0,"k":0,"ix":5},"nm":"Transform"}],"nm":"Group 9","np":2,"cix":2,"bm":0,"ix":9,"mn":"ADBE Vector Group","hd":false},{"ty":"gr","it":[{"ind":0,"ty":"sh","ix":1,"ks":{"a":0,"k":{"i":[[0,-1.945],[1.944,0],[0,1.944],[-1.945,0]],"o":[[0,1.944],[-1.945,0],[0,-1.945],[1.944,0]],"v":[[3.522,0],[0,3.521],[-3.522,0],[0,-3.521]],"c":true},"ix":2},"nm":"Path 1","mn":"ADBE Vector Shape - Group","hd":false},{"ty":"st","c":{"a":0,"k":[0.176000004189,0.112000005385,0.135000011968,1],"ix":3},"o":{"a":0,"k":100,"ix":4},"w":{"a":0,"k":0.53,"ix":5},"lc":2,"lj":2,"bm":0,"nm":"Stroke 1","mn":"ADBE Vector Graphic - Stroke","hd":false},{"ty":"tr","p":{"a":0,"k":[152.399,102.736],"ix":2},"a":{"a":0,"k":[0,0],"ix":1},"s":{"a":0,"k":[100,100],"ix":3},"r":{"a":0,"k":0,"ix":6},"o":{"a":0,"k":100,"ix":7},"sk":{"a":0,"k":0,"ix":4},"sa":{"a":0,"k":0,"ix":5},"nm":"Transform"}],"nm":"Group 10","np":2,"cix":2,"bm":0,"ix":10,"mn":"ADBE Vector Group","hd":false},{"ty":"gr","it":[{"ind":0,"ty":"sh","ix":1,"ks":{"a":0,"k":{"i":[[0,0],[0,0]],"o":[[0,0],[0,0]],"v":[[-17.066,-3.431],[17.066,3.431]],"c":false},"ix":2},"nm":"Path 1","mn":"ADBE Vector Shape - Group","hd":false},{"ty":"st","c":{"a":0,"k":[0.176000004189,0.112000005385,0.135000011968,1],"ix":3},"o":{"a":0,"k":100,"ix":4},"w":{"a":0,"k":0.53,"ix":5},"lc":2,"lj":2,"bm":0,"nm":"Stroke 1","mn":"ADBE Vector Graphic - Stroke","hd":false},{"ty":"tr","p":{"a":0,"k":[106.348,103.097],"ix":2},"a":{"a":0,"k":[0,0],"ix":1},"s":{"a":0,"k":[100,100],"ix":3},"r":{"a":0,"k":0,"ix":6},"o":{"a":0,"k":100,"ix":7},"sk":{"a":0,"k":0,"ix":4},"sa":{"a":0,"k":0,"ix":5},"nm":"Transform"}],"nm":"Group 11","np":2,"cix":2,"bm":0,"ix":11,"mn":"ADBE Vector Group","hd":false},{"ty":"gr","it":[{"ind":0,"ty":"sh","ix":1,"ks":{"a":0,"k":{"i":[[0,0],[0,0]],"o":[[0,0],[0,0]],"v":[[-16.253,5.779],[16.253,-5.779]],"c":false},"ix":2},"nm":"Path 1","mn":"ADBE Vector Shape - Group","hd":false},{"ty":"st","c":{"a":0,"k":[0.176000004189,0.112000005385,0.135000011968,1],"ix":3},"o":{"a":0,"k":100,"ix":4},"w":{"a":0,"k":0.53,"ix":5},"lc":2,"lj":2,"bm":0,"nm":"Stroke 1","mn":"ADBE Vector Graphic - Stroke","hd":false},{"ty":"tr","p":{"a":0,"k":[228.519,97.499],"ix":2},"a":{"a":0,"k":[0,0],"ix":1},"s":{"a":0,"k":[100,100],"ix":3},"r":{"a":0,"k":0,"ix":6},"o":{"a":0,"k":100,"ix":7},"sk":{"a":0,"k":0,"ix":4},"sa":{"a":0,"k":0,"ix":5},"nm":"Transform"}],"nm":"Group 12","np":2,"cix":2,"bm":0,"ix":12,"mn":"ADBE Vector Group","hd":false},{"ty":"gr","it":[{"ind":0,"ty":"sh","ix":1,"ks":{"a":0,"k":{"i":[[0,0],[0,0]],"o":[[0,0],[0,0]],"v":[[29.798,-12.642],[-29.798,12.642]],"c":false},"ix":2},"nm":"Path 1","mn":"ADBE Vector Shape - Group","hd":false},{"ty":"st","c":{"a":0,"k":[0.176000004189,0.112000005385,0.135000011968,1],"ix":3},"o":{"a":0,"k":100,"ix":4},"w":{"a":0,"k":0.53,"ix":5},"lc":2,"lj":2,"bm":0,"nm":"Stroke 1","mn":"ADBE Vector Graphic - Stroke","hd":false},{"ty":"tr","p":{"a":0,"k":[215.697,99.666],"ix":2},"a":{"a":0,"k":[0,0],"ix":1},"s":{"a":0,"k":[100,100],"ix":3},"r":{"a":0,"k":0,"ix":6},"o":{"a":0,"k":100,"ix":7},"sk":{"a":0,"k":0,"ix":4},"sa":{"a":0,"k":0,"ix":5},"nm":"Transform"}],"nm":"Group 13","np":2,"cix":2,"bm":0,"ix":13,"mn":"ADBE Vector Group","hd":false},{"ty":"gr","it":[{"ind":0,"ty":"sh","ix":1,"ks":{"a":0,"k":{"i":[[0,0],[0,0]],"o":[[0,0],[0,0]],"v":[[-39.008,-8.668],[39.008,8.668]],"c":false},"ix":2},"nm":"Path 1","mn":"ADBE Vector Shape - Group","hd":false},{"ty":"st","c":{"a":0,"k":[0.176000004189,0.112000005385,0.135000011968,1],"ix":3},"o":{"a":0,"k":100,"ix":4},"w":{"a":0,"k":0.53,"ix":5},"lc":2,"lj":2,"bm":0,"nm":"Stroke 1","mn":"ADBE Vector Graphic - Stroke","hd":false},{"ty":"tr","p":{"a":0,"k":[126.303,104.722],"ix":2},"a":{"a":0,"k":[0,0],"ix":1},"s":{"a":0,"k":[100,100],"ix":3},"r":{"a":0,"k":0,"ix":6},"o":{"a":0,"k":100,"ix":7},"sk":{"a":0,"k":0,"ix":4},"sa":{"a":0,"k":0,"ix":5},"nm":"Transform"}],"nm":"Group 14","np":2,"cix":2,"bm":0,"ix":14,"mn":"ADBE Vector Group","hd":false},{"ty":"gr","it":[{"ind":0,"ty":"sh","ix":1,"ks":{"a":0,"k":{"i":[[0,0],[-6.502,-32.506],[0,0],[0,0]],"o":[[0,0],[6.501,32.507],[0,0],[0,0]],"v":[[-14.627,-103.57],[15.171,-38.828],[35.396,103.208],[-35.396,103.57]],"c":true},"ix":2},"nm":"Path 1","mn":"ADBE Vector Shape - Group","hd":false},{"ty":"fl","c":{"a":0,"k":[1,0.477999997606,0.54900004069,1],"ix":4},"o":{"a":0,"k":100,"ix":5},"r":1,"bm":0,"nm":"Fill 1","mn":"ADBE Vector Graphic - Fill","hd":false},{"ty":"tr","p":{"a":0,"k":[306.338,227.977],"ix":2},"a":{"a":0,"k":[0,0],"ix":1},"s":{"a":0,"k":[100,100],"ix":3},"r":{"a":0,"k":0,"ix":6},"o":{"a":0,"k":100,"ix":7},"sk":{"a":0,"k":0,"ix":4},"sa":{"a":0,"k":0,"ix":5},"nm":"Transform"}],"nm":"Group 15","np":4,"cix":2,"bm":0,"ix":15,"mn":"ADBE Vector Group","hd":false},{"ty":"gr","it":[{"ind":0,"ty":"sh","ix":1,"ks":{"a":0,"k":{"i":[[0,0],[6.502,-32.506],[0,0],[0,0]],"o":[[0,0],[-6.501,32.507],[0,0],[0,0]],"v":[[14.628,-103.57],[-15.17,-38.828],[-35.396,103.208],[35.396,103.57]],"c":true},"ix":2},"nm":"Path 1","mn":"ADBE Vector Shape - Group","hd":false},{"ty":"fl","c":{"a":0,"k":[1,0.477999997606,0.54900004069,1],"ix":4},"o":{"a":0,"k":100,"ix":5},"r":1,"bm":0,"nm":"Fill 1","mn":"ADBE Vector Graphic - Fill","hd":false},{"ty":"tr","p":{"a":0,"k":[35.646,227.977],"ix":2},"a":{"a":0,"k":[0,0],"ix":1},"s":{"a":0,"k":[100,100],"ix":3},"r":{"a":0,"k":0,"ix":6},"o":{"a":0,"k":100,"ix":7},"sk":{"a":0,"k":0,"ix":4},"sa":{"a":0,"k":0,"ix":5},"nm":"Transform"}],"nm":"Group 16","np":4,"cix":2,"bm":0,"ix":16,"mn":"ADBE Vector Group","hd":false},{"ty":"gr","it":[{"ind":0,"ty":"sh","ix":1,"ks":{"a":0,"k":{"i":[[0,0],[0,0],[0,0],[-14.086,-21.671],[0,0],[0,0],[-4.335,14.086]],"o":[[0,0],[0,0],[0,0],[14.086,21.671],[0,0],[0,0],[4.334,-14.086]],"v":[[-40.904,-129.485],[3.522,-98.604],[34.222,-130.027],[116.212,-78.016],[128.131,130.027],[-121.629,130.027],[-125.963,-73.14]],"c":true},"ix":2},"nm":"Path 1","mn":"ADBE Vector Shape - Group","hd":false},{"ty":"fl","c":{"a":0,"k":[1,0.477999997606,0.54900004069,1],"ix":4},"o":{"a":0,"k":100,"ix":5},"r":1,"bm":0,"nm":"Fill 1","mn":"ADBE Vector Graphic - Fill","hd":false},{"ty":"tr","p":{"a":0,"k":[174.16,201.069],"ix":2},"a":{"a":0,"k":[0,0],"ix":1},"s":{"a":0,"k":[100,100],"ix":3},"r":{"a":0,"k":0,"ix":6},"o":{"a":0,"k":100,"ix":7},"sk":{"a":0,"k":0,"ix":4},"sa":{"a":0,"k":0,"ix":5},"nm":"Transform"}],"nm":"Group 17","np":4,"cix":2,"bm":0,"ix":17,"mn":"ADBE Vector Group","hd":false},{"ty":"gr","it":[{"ind":0,"ty":"sh","ix":1,"ks":{"a":0,"k":{"i":[[0,0],[10.206,-0.251],[0,0],[-4.626,13.082],[-0.398,8.435],[0,0],[0,0],[-1.003,-4.936],[-1.381,-7.801]],"o":[[0,0],[-21.614,0.532],[0,0],[3.252,-9.195],[0.241,-5.096],[0,0],[0,0],[1.03,5.134],[2.708,15.328]],"v":[[40.645,5.1],[3.75,50.033],[-40.645,5.1],[-31.777,-11.214],[-25.763,-42.192],[-23.813,-50.565],[25.103,-50.565],[26.755,-42.539],[30.547,-22.477]],"c":true},"ix":2},"nm":"Path 1","mn":"ADBE Vector Shape - Group","hd":false},{"ty":"fl","c":{"a":0,"k":[0.536999990426,0.313999998803,0.2,1],"ix":4},"o":{"a":0,"k":100,"ix":5},"r":1,"bm":0,"nm":"Fill 1","mn":"ADBE Vector Graphic - Fill","hd":false},{"ty":"tr","p":{"a":0,"k":[169.388,71.082],"ix":2},"a":{"a":0,"k":[0,0],"ix":1},"s":{"a":0,"k":[100,100],"ix":3},"r":{"a":0,"k":0,"ix":6},"o":{"a":0,"k":100,"ix":7},"sk":{"a":0,"k":0,"ix":4},"sa":{"a":0,"k":0,"ix":5},"nm":"Transform"}],"nm":"Group 18","np":4,"cix":2,"bm":0,"ix":18,"mn":"ADBE Vector Group","hd":false},{"ty":"gr","it":[{"ind":0,"ty":"sh","ix":1,"ks":{"a":0,"k":{"i":[[-0.191,-1.379],[1.868,0.488],[6.345,3.947],[0.467,0.594],[-0.255,3.416],[0.361,1.146],[-0.021,-0.022],[-1.23,-1.888],[-2.249,-1.74],[-2.08,-1.188]],"o":[[-0.658,1.188],[-7.214,-1.846],[-0.657,-0.424],[2.589,-2.355],[0.084,-1.21],[0.021,0],[1.973,1.145],[1.55,2.356],[1.91,1.485],[2.567,1.464]],"v":[[13.962,10.74],[8.317,10.676],[-12.181,1.912],[-13.963,0.448],[-8.976,-7.827],[-9.422,-11.371],[-9.337,-11.328],[-4.86,-4.56],[0.636,1.849],[6.833,5.541]],"c":true},"ix":2},"nm":"Path 1","mn":"ADBE Vector Shape - Group","hd":false},{"ty":"fl","c":{"a":0,"k":[1,0.477999997606,0.54900004069,1],"ix":4},"o":{"a":0,"k":100,"ix":5},"r":1,"bm":0,"nm":"Fill 1","mn":"ADBE Vector Graphic - Fill","hd":false},{"ty":"tr","p":{"a":0,"k":[105.446,73.874],"ix":2},"a":{"a":0,"k":[0,0],"ix":1},"s":{"a":0,"k":[100,100],"ix":3},"r":{"a":0,"k":0,"ix":6},"o":{"a":0,"k":100,"ix":7},"sk":{"a":0,"k":0,"ix":4},"sa":{"a":0,"k":0,"ix":5},"nm":"Transform"}],"nm":"Group 19","np":4,"cix":2,"bm":0,"ix":19,"mn":"ADBE Vector Group","hd":false},{"ty":"gr","it":[{"ind":0,"ty":"sh","ix":1,"ks":{"a":0,"k":{"i":[[-1.698,-1.083],[5.9,-1.167],[-0.128,0.276],[-2.059,2.164],[-2.059,2.419],[-0.063,-0.403]],"o":[[-5.008,3.925],[-0.296,0.042],[1.4,-2.737],[0.424,-0.446],[-0.042,0.403],[0.318,1.91]],"v":[[8.719,-1.646],[-8.3,7.139],[-8.681,6.587],[0.528,-1.879],[5.239,-7.142],[5.26,-5.911]],"c":true},"ix":2},"nm":"Path 1","mn":"ADBE Vector Shape - Group","hd":false},{"ty":"fl","c":{"a":0,"k":[1,0.477999997606,0.54900004069,1],"ix":4},"o":{"a":0,"k":100,"ix":5},"r":1,"bm":0,"nm":"Fill 1","mn":"ADBE Vector Graphic - Fill","hd":false},{"ty":"tr","p":{"a":0,"k":[235.546,61.327],"ix":2},"a":{"a":0,"k":[0,0],"ix":1},"s":{"a":0,"k":[100,100],"ix":3},"r":{"a":0,"k":0,"ix":6},"o":{"a":0,"k":100,"ix":7},"sk":{"a":0,"k":0,"ix":4},"sa":{"a":0,"k":0,"ix":5},"nm":"Transform"}],"nm":"Group 20","np":4,"cix":2,"bm":0,"ix":20,"mn":"ADBE Vector Group","hd":false},{"ty":"gr","it":[{"ind":0,"ty":"sh","ix":1,"ks":{"a":0,"k":{"i":[[2.717,-7.566],[-1.23,-2.017],[-0.69,-1.147],[-0.038,-1.899],[-5.246,-1.908],[-2.493,-0.713],[-3.158,-1.816],[-9.363,-0.851],[-7.285,5.943],[-1.84,1.159],[-1.689,0.816],[-2.427,1.832],[-2.201,3.445],[0.112,7.477],[3.225,5.533],[10.266,2.038],[13.331,-2.545],[6.711,-10.31]],"o":[[-0.799,2.224],[0.696,1.143],[0.979,1.627],[0.11,5.581],[2.436,0.886],[3.503,1.001],[8.152,4.685],[9.365,0.851],[1.684,-1.375],[1.587,-1],[2.738,-1.322],[3.262,-2.464],[4.027,-6.301],[-0.096,-6.404],[-5.272,-9.042],[-13.262,-2.632],[-11.602,2.215],[-4.411,6.776]],"v":[[-56.154,-1.682],[-56.492,5.149],[-53.87,8.174],[-53.171,13.75],[-44.005,26.566],[-36.887,28.837],[-26.665,33.168],[-0.233,42.367],[26.291,35.088],[31.358,30.99],[36.402,28.503],[44.105,23.643],[52.692,14.98],[57.123,-6.676],[53.256,-25.274],[26.718,-40.177],[-13.734,-40.951],[-46.265,-23.714]],"c":true},"ix":2},"nm":"Path 1","mn":"ADBE Vector Shape - Group","hd":false},{"ty":"fl","c":{"a":0,"k":[1,0.477999997606,0.54900004069,1],"ix":4},"o":{"a":0,"k":100,"ix":5},"r":1,"bm":0,"nm":"Fill 1","mn":"ADBE Vector Graphic - Fill","hd":false},{"ty":"tr","p":{"a":0,"k":[169.849,42.544],"ix":2},"a":{"a":0,"k":[0,0],"ix":1},"s":{"a":0,"k":[100,100],"ix":3},"r":{"a":0,"k":0,"ix":6},"o":{"a":0,"k":100,"ix":7},"sk":{"a":0,"k":0,"ix":4},"sa":{"a":0,"k":0,"ix":5},"nm":"Transform"}],"nm":"Group 21","np":4,"cix":2,"bm":0,"ix":21,"mn":"ADBE Vector Group","hd":false},{"ty":"gr","it":[{"ind":0,"ty":"sh","ix":1,"ks":{"a":0,"k":{"i":[[1.019,-5.178],[5.666,-3.628],[42.439,14.494],[-3.82,12.031],[-3.438,3.204],[-0.254,3.417],[0.361,1.146],[0.552,4.117],[-3.777,4.351],[-10.695,2.016],[-3.692,-0.148],[-29.983,-1.231],[-2.949,-1.294],[-0.742,-5.539],[1.656,-5.348],[0.064,-0.912],[-0.064,-0.403],[-1.699,-1.082],[-1.103,-0.743]],"o":[[-1.294,6.599],[-37.728,24.254],[-8.212,-2.822],[1.379,-4.35],[2.589,-2.355],[0.085,-1.209],[-1.146,-3.883],[-0.743,-5.708],[7.109,-8.212],[3.628,-0.678],[29.983,1.231],[3.204,0.127],[5.115,2.271],[0.765,5.559],[-0.275,0.87],[-0.042,0.404],[0.318,1.91],[1.167,0.764],[4.372,2.971]],"v":[[86.926,5.877],[74.088,20.688],[-54.63,39.192],[-84.125,14.959],[-75.128,4.52],[-70.142,-3.756],[-70.587,-7.3],[-75.277,-18.907],[-68.232,-34.079],[-42.471,-53.007],[-31.437,-53.389],[58.513,-49.696],[67.955,-48.126],[76.952,-34.821],[74.788,-18.312],[74.173,-15.618],[74.195,-14.387],[77.654,-10.123],[81.239,-7.936]],"c":true},"ix":2},"nm":"Path 1","mn":"ADBE Vector Shape - Group","hd":false},{"ty":"fl","c":{"a":0,"k":[1,0.477999997606,0.54900004069,1],"ix":4},"o":{"a":0,"k":100,"ix":5},"r":1,"bm":0,"nm":"Fill 1","mn":"ADBE Vector Graphic - Fill","hd":false},{"ty":"tr","p":{"a":0,"k":[166.612,69.803],"ix":2},"a":{"a":0,"k":[0,0],"ix":1},"s":{"a":0,"k":[100,100],"ix":3},"r":{"a":0,"k":0,"ix":6},"o":{"a":0,"k":100,"ix":7},"sk":{"a":0,"k":0,"ix":4},"sa":{"a":0,"k":0,"ix":5},"nm":"Transform"}],"nm":"Group 22","np":4,"cix":2,"bm":0,"ix":22,"mn":"ADBE Vector Group","hd":false}],"ip":0,"op":215.416666666667,"st":0,"bm":0},{"ddd":0,"ind":10,"ty":4,"nm":"Back hair","parent":3,"sr":1,"ks":{"o":{"a":0,"k":100,"ix":11},"r":{"a":0,"k":0,"ix":10},"p":{"a":1,"k":[{"i":{"x":0.31,"y":1},"o":{"x":0.69,"y":0},"t":0,"s":[60.936,-10.184,0],"to":[-2.4,0,0],"ti":[0,1.167,0]},{"i":{"x":0.31,"y":1},"o":{"x":0.69,"y":0},"t":27.342,"s":[46.535,-10.184,0],"to":[0,-0.635,0],"ti":[-2.4,1.167,0]},{"i":{"x":0.31,"y":1},"o":{"x":0.69,"y":0},"t":48.824,"s":[71.936,-10.184,0],"to":[2.4,-1.167,0],"ti":[-1.094,0.532,0]},{"i":{"x":0.31,"y":1},"o":{"x":0.69,"y":0},"t":69.329,"s":[60.936,-17.184,0],"to":[2.4,-1.167,0],"ti":[2,-0.167,0]},{"i":{"x":0.31,"y":1},"o":{"x":0.69,"y":0},"t":89.836,"s":[60.936,10.816,0],"to":[-2,0.167,0],"ti":[-0.833,4.5,0]},{"i":{"x":0.31,"y":1},"o":{"x":0.69,"y":0},"t":112.725,"s":[48.936,-16.184,0],"to":[0.833,-4.5,0],"ti":[-3.833,-1,0]},{"i":{"x":0.31,"y":1},"o":{"x":0.69,"y":0},"t":135.041,"s":[65.936,-16.184,0],"to":[3.833,1,0],"ti":[2.833,0,0]},{"i":{"x":0.31,"y":1},"o":{"x":0.69,"y":0},"t":163.333,"s":[71.936,-10.184,0],"to":[-2.833,0,0],"ti":[1.833,0,0]},{"i":{"x":0.31,"y":1},"o":{"x":0.69,"y":0},"t":187.501,"s":[48.936,-16.184,0],"to":[-1.833,0,0],"ti":[-2,-1,0]},{"t":210,"s":[60.936,-10.184,0]}],"ix":2,"x":"var $bm_rt;\nvar range, samples, on_off;\nrange = $bm_div(effect('Position - Smoothness')('ADBE Slider Control-0001'), 20);\nsamples = $bm_div(effect('Position - Blend Precision')('ADBE Slider Control-0001'), 2);\n$bm_rt = on_off = effect('Position - Blend On/Off')('ADBE Checkbox Control-0001');\nif (on_off == 1) {\n    try {\n        $bm_rt = smooth(range, samples);\n    } catch (e$$4) {\n        $bm_rt = smooth(1, 1);\n    }\n} else {\n    $bm_rt = value = value;\n}","l":2},"a":{"a":0,"k":[110.962,110.962,0],"ix":1,"l":2},"s":{"a":0,"k":[100,100,100],"ix":6,"l":2}},"ao":0,"ef":[{"ty":5,"nm":"Position - Smoothness","np":3,"mn":"ADBE Slider Control","ix":1,"en":1,"ef":[{"ty":0,"nm":"Slider","mn":"ADBE Slider Control-0001","ix":1,"v":{"a":0,"k":4,"ix":1,"x":"var $bm_rt;\n$bm_rt = clamp(value, 0, 100);"}}]},{"ty":5,"nm":"Position - Blend Precision","np":3,"mn":"ADBE Slider Control","ix":2,"en":1,"ef":[{"ty":0,"nm":"Slider","mn":"ADBE Slider Control-0001","ix":1,"v":{"a":0,"k":25,"ix":1,"x":"var $bm_rt;\n$bm_rt = clamp(value, 0, 100);"}}]},{"ty":5,"nm":"Position - Blend On/Off","np":3,"mn":"ADBE Checkbox Control","ix":3,"en":1,"ef":[{"ty":7,"nm":"Checkbox","mn":"ADBE Checkbox Control-0001","ix":1,"v":{"a":0,"k":1,"ix":1}}]},{"ty":5,"nm":"Position - Smoothness","np":3,"mn":"ADBE Slider Control","ix":4,"en":1,"ef":[{"ty":0,"nm":"Slider","mn":"ADBE Slider Control-0001","ix":1,"v":{"a":0,"k":4,"ix":1,"x":"var $bm_rt;\n$bm_rt = clamp(value, 0, 100);"}}]},{"ty":5,"nm":"Position - Blend Precision","np":3,"mn":"ADBE Slider Control","ix":5,"en":1,"ef":[{"ty":0,"nm":"Slider","mn":"ADBE Slider Control-0001","ix":1,"v":{"a":0,"k":25,"ix":1,"x":"var $bm_rt;\n$bm_rt = clamp(value, 0, 100);"}}]},{"ty":5,"nm":"Position - Blend On/Off","np":3,"mn":"ADBE Checkbox Control","ix":6,"en":1,"ef":[{"ty":7,"nm":"Checkbox","mn":"ADBE Checkbox Control-0001","ix":1,"v":{"a":0,"k":1,"ix":1}}]}],"shapes":[{"ty":"gr","it":[{"ind":0,"ty":"sh","ix":1,"ks":{"a":0,"k":{"i":[[0,-61.144],[61.145,0],[0,61.145],[-61.144,0]],"o":[[0,61.145],[-61.144,0],[0,-61.144],[61.145,0]],"v":[[110.712,-0.001],[-0.001,110.712],[-110.712,-0.001],[-0.001,-110.712]],"c":true},"ix":2},"nm":"Path 1","mn":"ADBE Vector Shape - Group","hd":false},{"ty":"fl","c":{"a":0,"k":[0.067000003889,0.067000003889,0.067000003889,1],"ix":4},"o":{"a":0,"k":100,"ix":5},"r":1,"bm":0,"nm":"Fill 1","mn":"ADBE Vector Graphic - Fill","hd":false},{"ty":"tr","p":{"a":0,"k":[110.962,110.962],"ix":2},"a":{"a":0,"k":[0,0],"ix":1},"s":{"a":0,"k":[100,100],"ix":3},"r":{"a":0,"k":0,"ix":6},"o":{"a":0,"k":100,"ix":7},"sk":{"a":0,"k":0,"ix":4},"sa":{"a":0,"k":0,"ix":5},"nm":"Transform"}],"nm":"Group 1","np":4,"cix":2,"bm":0,"ix":1,"mn":"ADBE Vector Group","hd":false}],"ip":0,"op":215.416666666667,"st":0,"bm":0},{"ddd":0,"ind":11,"ty":4,"nm":"Shape Layer 2","parent":8,"sr":1,"ks":{"o":{"a":0,"k":100,"ix":11},"r":{"a":0,"k":0,"ix":10},"p":{"a":0,"k":[0,0,0],"ix":2,"l":2},"a":{"a":0,"k":[0,0,0],"ix":1,"l":2},"s":{"a":0,"k":[100,100,100],"ix":6,"l":2}},"ao":0,"shapes":[{"ty":"gr","it":[{"d":1,"ty":"el","s":{"a":0,"k":[343.424,343.424],"ix":2},"p":{"a":0,"k":[0,0],"ix":3},"nm":"Ellipse Path 1","mn":"ADBE Vector Shape - Ellipse","hd":false},{"ty":"st","c":{"a":0,"k":[0,0,0,1],"ix":3},"o":{"a":0,"k":100,"ix":4},"w":{"a":0,"k":0,"ix":5},"lc":1,"lj":1,"ml":4,"bm":0,"nm":"Stroke 1","mn":"ADBE Vector Graphic - Stroke","hd":false},{"ty":"fl","c":{"a":0,"k":[1,0.665190333946,0.305882323022,1],"ix":4},"o":{"a":0,"k":100,"ix":5},"r":1,"bm":0,"nm":"Fill 1","mn":"ADBE Vector Graphic - Fill","hd":false},{"ty":"tr","p":{"a":0,"k":[11.964,38.706],"ix":2},"a":{"a":0,"k":[0,0],"ix":1},"s":{"a":0,"k":[114.742,114.742],"ix":3},"r":{"a":0,"k":0,"ix":6},"o":{"a":0,"k":100,"ix":7},"sk":{"a":0,"k":0,"ix":4},"sa":{"a":0,"k":0,"ix":5},"nm":"Transform"}],"nm":"Ellipse 1","np":3,"cix":2,"bm":0,"ix":1,"mn":"ADBE Vector Group","hd":false}],"ip":0,"op":214.583333333333,"st":0,"bm":0}]}],"layers":[{"ddd":0,"ind":1,"ty":0,"nm":"Avatar afro","refId":"comp_0","sr":1,"ks":{"o":{"a":0,"k":100,"ix":11},"r":{"a":0,"k":0,"ix":10},"p":{"a":0,"k":[484,760,0],"ix":2,"l":2},"a":{"a":0,"k":[376.5,376.5,0],"ix":1,"l":2},"s":{"a":0,"k":[207,207,100],"ix":6,"l":2}},"ao":0,"w":753,"h":753,"ip":0,"op":200,"st":0,"bm":0}],"markers":[]}