{"v":"5.7.4","fr":60,"ip":0,"op":474,"w":1000,"h":1000,"nm":"Comp 1","ddd":0,"assets":[{"id":"comp_0","layers":[{"ddd":0,"ind":1,"ty":4,"nm":"Shape Layer 3","td":1,"sr":1,"ks":{"o":{"a":0,"k":100,"ix":11},"r":{"a":0,"k":0,"ix":10},"p":{"a":0,"k":[500,500,0],"ix":2,"l":2},"a":{"a":0,"k":[0,0,0],"ix":1,"l":2},"s":{"a":0,"k":[100,100,100],"ix":6,"l":2}},"ao":0,"shapes":[{"ty":"gr","it":[{"ind":0,"ty":"sh","ix":1,"ks":{"a":0,"k":{"i":[[0,0],[0,0],[0,0],[0,0],[0,0],[210,0],[0,0]],"o":[[0,0],[0,0],[0,0],[0,0],[0,0],[-222,0],[0,0]],"v":[[-518,80],[-524,498],[504,498],[504,64],[254,66],[8,278],[-252,72]],"c":true},"ix":2},"nm":"Path 1","mn":"ADBE Vector Shape - Group","hd":false},{"ty":"st","c":{"a":0,"k":[0.329412004059,0.63529399797,0.949020026712,1],"ix":3},"o":{"a":0,"k":100,"ix":4},"w":{"a":0,"k":0,"ix":5},"lc":1,"lj":1,"ml":4,"bm":0,"nm":"Stroke 1","mn":"ADBE Vector Graphic - Stroke","hd":false},{"ty":"fl","c":{"a":0,"k":[1,0.450980003207,0.301960993748,1],"ix":4},"o":{"a":0,"k":100,"ix":5},"r":1,"bm":0,"nm":"Fill 1","mn":"ADBE Vector Graphic - Fill","hd":false},{"ty":"tr","p":{"a":0,"k":[0,0],"ix":2},"a":{"a":0,"k":[0,0],"ix":1},"s":{"a":0,"k":[100,100],"ix":3},"r":{"a":0,"k":0,"ix":6},"o":{"a":0,"k":100,"ix":7},"sk":{"a":0,"k":0,"ix":4},"sa":{"a":0,"k":0,"ix":5},"nm":"Transform"}],"nm":"Shape 1","np":3,"cix":2,"bm":0,"ix":1,"mn":"ADBE Vector Group","hd":false}],"ip":0,"op":475.2,"st":0,"bm":0},{"ddd":0,"ind":2,"ty":0,"nm":"Pre-comp 1","tt":2,"refId":"comp_1","sr":1,"ks":{"o":{"a":0,"k":100,"ix":11},"r":{"a":0,"k":0,"ix":10},"p":{"a":0,"k":[500,500,0],"ix":2,"l":2},"a":{"a":0,"k":[500,500,0],"ix":1,"l":2},"s":{"a":0,"k":[100,100,100],"ix":6,"l":2}},"ao":0,"w":1000,"h":1000,"ip":0,"op":475.2,"st":0,"bm":0},{"ddd":0,"ind":3,"ty":4,"nm":"Shape Layer 2","sr":1,"ks":{"o":{"a":0,"k":100,"ix":11},"r":{"a":0,"k":0,"ix":10},"p":{"a":0,"k":[521.595,618,0],"ix":2,"l":2},"a":{"a":0,"k":[0,0,0],"ix":1,"l":2},"s":{"a":0,"k":[107.976,107.976,100],"ix":6,"l":2}},"ao":0,"shapes":[{"ty":"gr","it":[{"d":1,"ty":"el","s":{"a":0,"k":[476,476],"ix":2},"p":{"a":0,"k":[0,0],"ix":3},"nm":"Ellipse Path 1","mn":"ADBE Vector Shape - Ellipse","hd":false},{"ty":"st","c":{"a":0,"k":[0.329412004059,0.63529399797,0.949020026712,1],"ix":3},"o":{"a":0,"k":100,"ix":4},"w":{"a":0,"k":0,"ix":5},"lc":1,"lj":1,"ml":4,"bm":0,"nm":"Stroke 1","mn":"ADBE Vector Graphic - Stroke","hd":false},{"ty":"fl","c":{"a":0,"k":[1,0.450980003207,0.301960993748,1],"ix":4},"o":{"a":0,"k":100,"ix":5},"r":1,"bm":0,"nm":"Fill 1","mn":"ADBE Vector Graphic - Fill","hd":false},{"ty":"tr","p":{"a":0,"k":[-20,-90],"ix":2},"a":{"a":0,"k":[0,0],"ix":1},"s":{"a":0,"k":[100,100],"ix":3},"r":{"a":0,"k":0,"ix":6},"o":{"a":0,"k":100,"ix":7},"sk":{"a":0,"k":0,"ix":4},"sa":{"a":0,"k":0,"ix":5},"nm":"Transform"}],"nm":"Ellipse 1","np":3,"cix":2,"bm":0,"ix":1,"mn":"ADBE Vector Group","hd":false}],"ip":0,"op":475.2,"st":0,"bm":0}]},{"id":"comp_1","layers":[{"ddd":0,"ind":1,"ty":4,"nm":"Face 2","td":1,"sr":1,"ks":{"o":{"a":0,"k":100,"ix":11},"r":{"a":0,"k":0,"ix":10},"p":{"a":0,"k":[514.277,405.611,0],"ix":2,"l":2},"a":{"a":0,"k":[130.117,161.594,0],"ix":1,"l":2},"s":{"a":0,"k":[100,100,100],"ix":6,"l":2}},"ao":0,"shapes":[{"ty":"gr","it":[{"ind":0,"ty":"sh","ix":1,"ks":{"a":0,"k":{"i":[[4.642,0.135],[-7.693,-111.416],[-81.948,-1.929],[-1.856,71.577],[62.273,20.415]],"o":[[-100.854,-2.944],[4.778,69.206],[85.404,2.009],[1.954,-75.269],[-4.312,-1.413]],"v":[[18.223,-158.4],[-122.173,4.032],[1.783,159.334],[127.912,-7.127],[49.721,-153.154]],"c":true},"ix":2},"nm":"Path 1","mn":"ADBE Vector Shape - Group","hd":false},{"ty":"fl","c":{"a":0,"k":[0.247058838489,0.125490196078,0.215686289469,1],"ix":4},"o":{"a":0,"k":100,"ix":5},"r":1,"bm":0,"nm":"Fill 1","mn":"ADBE Vector Graphic - Fill","hd":false},{"ty":"tr","p":{"a":0,"k":[130.116,161.594],"ix":2},"a":{"a":0,"k":[0,0],"ix":1},"s":{"a":0,"k":[100,100],"ix":3},"r":{"a":0,"k":0,"ix":6},"o":{"a":0,"k":100,"ix":7},"sk":{"a":0,"k":0,"ix":4},"sa":{"a":0,"k":0,"ix":5},"nm":"Transform"}],"nm":"Group 1","np":2,"cix":2,"bm":0,"ix":1,"mn":"ADBE Vector Group","hd":false}],"ip":0,"op":1800,"st":0,"bm":0},{"ddd":0,"ind":2,"ty":4,"nm":"Front Hair","tt":1,"sr":1,"ks":{"o":{"a":0,"k":100,"ix":11},"r":{"a":0,"k":0,"ix":10},"p":{"a":1,"k":[{"i":{"x":0.23,"y":1},"o":{"x":0.77,"y":0},"t":0,"s":[526.942,294.215,0],"to":[3,0,0],"ti":[3.5,0,0]},{"i":{"x":0.23,"y":1},"o":{"x":0.77,"y":0},"t":71.191,"s":[544.942,294.215,0],"to":[-1.748,0,0],"ti":[4.833,0,0]},{"i":{"x":0.23,"y":1},"o":{"x":0.77,"y":0},"t":135.267,"s":[536.942,310.215,0],"to":[-4.833,0,0],"ti":[2.419,0,0]},{"i":{"x":0.23,"y":1},"o":{"x":0.77,"y":0},"t":204.084,"s":[515.942,294.215,0],"to":[-4.833,0,0],"ti":[-3.5,-2.667,0]},{"i":{"x":0.23,"y":1},"o":{"x":0.77,"y":0},"t":272.904,"s":[545.942,311.215,0],"to":[3.5,2.667,0],"ti":[7.5,1.167,0]},{"i":{"x":0.23,"y":1},"o":{"x":0.77,"y":0},"t":329.857,"s":[536.942,310.215,0],"to":[-7.5,-1.167,0],"ti":[1.667,5.333,0]},{"i":{"x":0.23,"y":1},"o":{"x":0.77,"y":0},"t":382.064,"s":[500.942,304.215,0],"to":[-1.667,-5.333,0],"ti":[-4.333,1.667,0]},{"i":{"x":0.23,"y":1},"o":{"x":0.77,"y":0},"t":436.645,"s":[526.942,278.215,0],"to":[4.333,-1.667,0],"ti":[0,-2.667,0]},{"t":480,"s":[526.942,294.215,0]}],"ix":2,"x":"var $bm_rt;\nvar range, samples, on_off;\nrange = $bm_div(effect('Position - Smoothness')('ADBE Slider Control-0001'), 20);\nsamples = $bm_div(effect('Position - Blend Precision')('ADBE Slider Control-0001'), 2);\n$bm_rt = on_off = effect('Position - Blend On/Off')('ADBE Checkbox Control-0001');\nif (on_off == 1) {\n    try {\n        $bm_rt = smooth(range, samples);\n    } catch (e$$4) {\n        $bm_rt = smooth(1, 1);\n    }\n} else {\n    $bm_rt = value = value;\n}","l":2},"a":{"a":0,"k":[161.523,135.492,0],"ix":1,"l":2},"s":{"a":0,"k":[100,100,100],"ix":6,"l":2}},"ao":0,"ef":[{"ty":5,"nm":"Position - Smoothness","np":3,"mn":"ADBE Slider Control","ix":1,"en":1,"ef":[{"ty":0,"nm":"Slider","mn":"ADBE Slider Control-0001","ix":1,"v":{"a":0,"k":4,"ix":1,"x":"var $bm_rt;\n$bm_rt = clamp(value, 0, 100);"}}]},{"ty":5,"nm":"Position - Blend Precision","np":3,"mn":"ADBE Slider Control","ix":2,"en":1,"ef":[{"ty":0,"nm":"Slider","mn":"ADBE Slider Control-0001","ix":1,"v":{"a":0,"k":25,"ix":1,"x":"var $bm_rt;\n$bm_rt = clamp(value, 0, 100);"}}]},{"ty":5,"nm":"Position - Blend On/Off","np":3,"mn":"ADBE Checkbox Control","ix":3,"en":1,"ef":[{"ty":7,"nm":"Checkbox","mn":"ADBE Checkbox Control-0001","ix":1,"v":{"a":0,"k":1,"ix":1}}]},{"ty":5,"nm":"Position - Smoothness","np":3,"mn":"ADBE Slider Control","ix":4,"en":1,"ef":[{"ty":0,"nm":"Slider","mn":"ADBE Slider Control-0001","ix":1,"v":{"a":0,"k":4,"ix":1,"x":"var $bm_rt;\n$bm_rt = clamp(value, 0, 100);"}}]},{"ty":5,"nm":"Position - Blend Precision","np":3,"mn":"ADBE Slider Control","ix":5,"en":1,"ef":[{"ty":0,"nm":"Slider","mn":"ADBE Slider Control-0001","ix":1,"v":{"a":0,"k":25,"ix":1,"x":"var $bm_rt;\n$bm_rt = clamp(value, 0, 100);"}}]},{"ty":5,"nm":"Position - Blend On/Off","np":3,"mn":"ADBE Checkbox Control","ix":6,"en":1,"ef":[{"ty":7,"nm":"Checkbox","mn":"ADBE Checkbox Control-0001","ix":1,"v":{"a":0,"k":1,"ix":1}}]}],"shapes":[{"ty":"gr","it":[{"ind":0,"ty":"sh","ix":1,"ks":{"a":0,"k":{"i":[[37.487,-37.024],[1.285,-24.167],[-18.348,-9.336],[0,0],[-32.984,4.017],[78.527,53.686]],"o":[[-24.458,24.156],[-1.301,24.466],[57.36,29.186],[0,0],[32.985,-4.017],[-78.395,-53.595]],"v":[[-115.171,-57.264],[-159.973,30.644],[-136.648,88.77],[39.402,8.21],[114.248,89.306],[82.746,-64.361]],"c":true},"ix":2},"nm":"Path 1","mn":"ADBE Vector Shape - Group","hd":false},{"ty":"fl","c":{"a":0,"k":[0.246999987434,0.125,0.216000007181,1],"ix":4},"o":{"a":0,"k":100,"ix":5},"r":1,"bm":0,"nm":"Fill 1","mn":"ADBE Vector Graphic - Fill","hd":false},{"ty":"tr","p":{"a":0,"k":[161.523,118.207],"ix":2},"a":{"a":0,"k":[0,0],"ix":1},"s":{"a":0,"k":[100,100],"ix":3},"r":{"a":0,"k":0,"ix":6},"o":{"a":0,"k":100,"ix":7},"sk":{"a":0,"k":0,"ix":4},"sa":{"a":0,"k":0,"ix":5},"nm":"Transform"}],"nm":"Group 1","np":2,"cix":2,"bm":0,"ix":1,"mn":"ADBE Vector Group","hd":false},{"ty":"gr","it":[{"ind":0,"ty":"sh","ix":1,"ks":{"a":0,"k":{"i":[[11.965,-26.545],[-6.73,31.406],[0,0]],"o":[[0,0],[0,0],[0,0]],"v":[[4.112,40.227],[-9.347,-33.801],[12.712,-40.227]],"c":true},"ix":2},"nm":"Path 1","mn":"ADBE Vector Shape - Group","hd":false},{"ty":"fl","c":{"a":0,"k":[0.246999987434,0.125,0.216000007181,1],"ix":4},"o":{"a":0,"k":100,"ix":5},"r":1,"bm":0,"nm":"Fill 1","mn":"ADBE Vector Graphic - Fill","hd":false},{"ty":"tr","p":{"a":0,"k":[267.407,230.508],"ix":2},"a":{"a":0,"k":[0,0],"ix":1},"s":{"a":0,"k":[100,100],"ix":3},"r":{"a":0,"k":0,"ix":6},"o":{"a":0,"k":100,"ix":7},"sk":{"a":0,"k":0,"ix":4},"sa":{"a":0,"k":0,"ix":5},"nm":"Transform"}],"nm":"Group 2","np":2,"cix":2,"bm":0,"ix":2,"mn":"ADBE Vector Group","hd":false},{"ty":"gr","it":[{"ind":0,"ty":"sh","ix":1,"ks":{"a":0,"k":{"i":[[-11.964,-26.545],[6.73,31.406],[0,0]],"o":[[0,0],[0,0],[0,0]],"v":[[-4.112,40.227],[9.346,-33.801],[-12.712,-40.227]],"c":true},"ix":2},"nm":"Path 1","mn":"ADBE Vector Shape - Group","hd":false},{"ty":"fl","c":{"a":0,"k":[0.246999987434,0.125,0.216000007181,1],"ix":4},"o":{"a":0,"k":100,"ix":5},"r":1,"bm":0,"nm":"Fill 1","mn":"ADBE Vector Graphic - Fill","hd":false},{"ty":"tr","p":{"a":0,"k":[33.821,230.508],"ix":2},"a":{"a":0,"k":[0,0],"ix":1},"s":{"a":0,"k":[100,100],"ix":3},"r":{"a":0,"k":0,"ix":6},"o":{"a":0,"k":100,"ix":7},"sk":{"a":0,"k":0,"ix":4},"sa":{"a":0,"k":0,"ix":5},"nm":"Transform"}],"nm":"Group 3","np":2,"cix":2,"bm":0,"ix":3,"mn":"ADBE Vector Group","hd":false}],"ip":0,"op":1800,"st":0,"bm":0},{"ddd":0,"ind":3,"ty":4,"nm":"Face","sr":1,"ks":{"o":{"a":0,"k":100,"ix":11},"r":{"a":0,"k":0,"ix":10},"p":{"a":0,"k":[514.277,407.611,0],"ix":2,"l":2},"a":{"a":0,"k":[130.117,161.594,0],"ix":1,"l":2},"s":{"a":0,"k":[100,100,100],"ix":6,"l":2}},"ao":0,"shapes":[{"ty":"gr","it":[{"ind":0,"ty":"sh","ix":1,"ks":{"a":0,"k":{"i":[[4.642,0.135],[-7.693,-111.416],[-81.948,-1.929],[-1.856,71.577],[62.273,20.415]],"o":[[-100.854,-2.944],[4.778,69.206],[85.404,2.009],[1.954,-75.269],[-4.312,-1.413]],"v":[[18.223,-158.4],[-122.173,4.032],[1.783,159.334],[127.912,-7.127],[49.721,-153.154]],"c":true},"ix":2},"nm":"Path 1","mn":"ADBE Vector Shape - Group","hd":false},{"ty":"fl","c":{"a":0,"k":[1,0.722000002394,0.630999995213,1],"ix":4},"o":{"a":0,"k":100,"ix":5},"r":1,"bm":0,"nm":"Fill 1","mn":"ADBE Vector Graphic - Fill","hd":false},{"ty":"tr","p":{"a":0,"k":[130.116,161.594],"ix":2},"a":{"a":0,"k":[0,0],"ix":1},"s":{"a":0,"k":[100,100],"ix":3},"r":{"a":0,"k":0,"ix":6},"o":{"a":0,"k":100,"ix":7},"sk":{"a":0,"k":0,"ix":4},"sa":{"a":0,"k":0,"ix":5},"nm":"Transform"}],"nm":"Group 1","np":2,"cix":2,"bm":0,"ix":1,"mn":"ADBE Vector Group","hd":false}],"ip":0,"op":1800,"st":0,"bm":0},{"ddd":0,"ind":4,"ty":4,"nm":"Neck tt","td":1,"sr":1,"ks":{"o":{"a":0,"k":100,"ix":11},"r":{"a":0,"k":0,"ix":10},"p":{"a":0,"k":[511.729,565.697,0],"ix":2,"l":2},"a":{"a":0,"k":[61.722,39.986,0],"ix":1,"l":2},"s":{"a":0,"k":[100,173.433,100],"ix":6,"l":2}},"ao":0,"shapes":[{"ty":"gr","it":[{"ind":0,"ty":"sh","ix":1,"ks":{"a":0,"k":{"i":[[-1.874,-11.063],[43.379,25.395],[0.283,10.559],[0,0]],"o":[[-15.929,26.694],[4.653,-21.925],[0,0],[1.022,9.339]],"v":[[61.472,8.906],[-61.472,14.341],[-56.45,-35.366],[53.844,-39.736]],"c":true},"ix":2},"nm":"Path 1","mn":"ADBE Vector Shape - Group","hd":false},{"ty":"fl","c":{"a":0,"k":[0.776000019148,0.458999992819,0.375999989229,1],"ix":4},"o":{"a":0,"k":100,"ix":5},"r":1,"bm":0,"nm":"Fill 1","mn":"ADBE Vector Graphic - Fill","hd":false},{"ty":"tr","p":{"a":0,"k":[61.722,39.986],"ix":2},"a":{"a":0,"k":[0,0],"ix":1},"s":{"a":0,"k":[100,100],"ix":3},"r":{"a":0,"k":0,"ix":6},"o":{"a":0,"k":100,"ix":7},"sk":{"a":0,"k":0,"ix":4},"sa":{"a":0,"k":0,"ix":5},"nm":"Transform"}],"nm":"Group 1","np":2,"cix":2,"bm":0,"ix":1,"mn":"ADBE Vector Group","hd":false}],"ip":0,"op":1800,"st":0,"bm":0},{"ddd":0,"ind":5,"ty":4,"nm":"Neck s","parent":2,"tt":1,"sr":1,"ks":{"o":{"a":0,"k":100,"ix":11},"r":{"a":0,"k":0,"ix":10},"p":{"a":0,"k":[133.581,341.277,0],"ix":2,"l":2},"a":{"a":0,"k":[0,0,0],"ix":1,"l":2},"s":{"a":0,"k":[100,100,100],"ix":6,"l":2}},"ao":0,"shapes":[{"ty":"gr","it":[{"ind":0,"ty":"sh","ix":1,"ks":{"a":0,"k":{"i":[[28.5,-4],[-30.5,0],[1.5,26]],"o":[[-4.5,29.5],[43.5,0],[-31.5,2]],"v":[[-42.5,32.5],[14,96],[71,29.5]],"c":true},"ix":2},"nm":"Path 1","mn":"ADBE Vector Shape - Group","hd":false},{"ty":"st","c":{"a":0,"k":[0.329412004059,0.63529399797,0.949020026712,1],"ix":3},"o":{"a":0,"k":100,"ix":4},"w":{"a":0,"k":0,"ix":5},"lc":1,"lj":1,"ml":4,"bm":0,"nm":"Stroke 1","mn":"ADBE Vector Graphic - Stroke","hd":false},{"ty":"fl","c":{"a":0,"k":[0.776470648074,0.458823559331,0.376470618154,1],"ix":4},"o":{"a":0,"k":100,"ix":5},"r":1,"bm":0,"nm":"Fill 1","mn":"ADBE Vector Graphic - Fill","hd":false},{"ty":"tr","p":{"a":0,"k":[0,0],"ix":2},"a":{"a":0,"k":[0,0],"ix":1},"s":{"a":0,"k":[100,100],"ix":3},"r":{"a":0,"k":0,"ix":6},"o":{"a":0,"k":100,"ix":7},"sk":{"a":0,"k":0,"ix":4},"sa":{"a":0,"k":0,"ix":5},"nm":"Transform"}],"nm":"Shape 1","np":3,"cix":2,"bm":0,"ix":1,"mn":"ADBE Vector Group","hd":false}],"ip":0,"op":1800,"st":0,"bm":0},{"ddd":0,"ind":6,"ty":4,"nm":"Body","sr":1,"ks":{"o":{"a":0,"k":100,"ix":11},"r":{"a":0,"k":0,"ix":10},"p":{"a":0,"k":[514.275,655.57,0],"ix":2,"l":2},"a":{"a":0,"k":[298.895,129.86,0],"ix":1,"l":2},"s":{"a":0,"k":[100,100,100],"ix":6,"l":2}},"ao":0,"shapes":[{"ty":"gr","it":[{"ind":0,"ty":"sh","ix":1,"ks":{"a":0,"k":{"i":[[33.012,0],[12.268,14.159],[0.225,0.634],[-1.132,0.402],[-0.402,-1.133],[-12.742,-14.662],[-25.067,0],[-14.581,19.433],[-0.035,0.147],[-1.164,-0.274],[0.273,-1.17],[11.457,-15.33]],"o":[[-32.932,0],[-13.238,-15.278],[-0.4,-1.133],[1.131,-0.403],[0.053,0.149],[16.967,19.521],[24.998,0],[10.961,-14.609],[0.277,-1.17],[1.171,0.274],[-0.15,0.637],[-10.625,14.215]],"v":[[3.637,32.601],[-63.1,1.564],[-81.979,-29.421],[-80.653,-32.198],[-77.875,-30.873],[-59.71,-1.171],[3.637,28.247],[63.283,-1.038],[77.866,-30.644],[80.483,-32.264],[82.106,-29.65],[66.866,1.442]],"c":true},"ix":2},"nm":"Path 1","mn":"ADBE Vector Shape - Group","hd":false},{"ty":"fl","c":{"a":0,"k":[1,0.969000004787,0.944999964097,1],"ix":4},"o":{"a":0,"k":100,"ix":5},"r":1,"bm":0,"nm":"Fill 1","mn":"ADBE Vector Graphic - Fill","hd":false},{"ty":"tr","p":{"a":0,"k":[297.797,112.046],"ix":2},"a":{"a":0,"k":[0,0],"ix":1},"s":{"a":0,"k":[100,100],"ix":3},"r":{"a":0,"k":0,"ix":6},"o":{"a":0,"k":100,"ix":7},"sk":{"a":0,"k":0,"ix":4},"sa":{"a":0,"k":0,"ix":5},"nm":"Transform"}],"nm":"Group 1","np":2,"cix":2,"bm":0,"ix":1,"mn":"ADBE Vector Group","hd":false},{"ty":"gr","it":[{"ind":0,"ty":"sh","ix":1,"ks":{"a":0,"k":{"i":[[0,0],[53.825,0],[0,0],[-2.527,11.967],[0,0],[0.284,10.56],[0,0],[-1.875,-11.064]],"o":[[0,0],[-62.779,0],[5.455,-14.461],[0,0],[4.653,-21.925],[0,0],[1.021,9.339],[4.987,29.373]],"v":[[71.549,26.863],[6.008,63.683],[-71.549,30.211],[-59.817,-9.607],[-59.8,-9.607],[-54.779,-59.314],[55.515,-63.683],[60.069,-32.284]],"c":true},"ix":2},"nm":"Path 1","mn":"ADBE Vector Shape - Group","hd":false},{"ty":"fl","c":{"a":0,"k":[1,0.722000002394,0.630999995213,1],"ix":4},"o":{"a":0,"k":100,"ix":5},"r":1,"bm":0,"nm":"Fill 1","mn":"ADBE Vector Graphic - Fill","hd":false},{"ty":"tr","p":{"a":0,"k":[294.678,63.933],"ix":2},"a":{"a":0,"k":[0,0],"ix":1},"s":{"a":0,"k":[100,100],"ix":3},"r":{"a":0,"k":0,"ix":6},"o":{"a":0,"k":100,"ix":7},"sk":{"a":0,"k":0,"ix":4},"sa":{"a":0,"k":0,"ix":5},"nm":"Transform"}],"nm":"Group 2","np":2,"cix":2,"bm":0,"ix":2,"mn":"ADBE Vector Group","hd":false},{"ty":"gr","it":[{"ind":0,"ty":"sh","ix":1,"ks":{"a":0,"k":{"i":[[-8.38,2.73],[7.56,-16.589],[15.91,-8.529],[0,0],[8.24,7.231],[7.69,11.09],[7.64,18.51],[-6.85,-2],[-31.95,-0.03],[0,0],[-0.72,0.01],[-16.951,3.38]],"o":[[-4.36,17.94],[-9.49,20.85],[0,0],[-9.74,-4.04],[-9.63,-8.42],[-12.31,-17.76],[5.41,2.23],[19.2,5.619],[0,0],[0.73,0],[22.87,-0.13],[10.619,-2.13]],"v":[[92.63,-48.535],[74.94,4.695],[37.22,51.595],[-9.89,51.595],[-36.84,34.415],[-62.8,4.695],[-92.63,-51.595],[-74.26,-45.184],[1.94,-35.315],[2.31,-35.315],[4.48,-35.325],[64.151,-41.125]],"c":true},"ix":2},"nm":"Path 1","mn":"ADBE Vector Shape - Group","hd":false},{"ty":"fl","c":{"a":0,"k":[1,0.969000004787,0.944999964097,1],"ix":4},"o":{"a":0,"k":100,"ix":5},"r":1,"bm":0,"nm":"Fill 1","mn":"ADBE Vector Graphic - Fill","hd":false},{"ty":"tr","p":{"a":0,"k":[296.95,207.874],"ix":2},"a":{"a":0,"k":[0,0],"ix":1},"s":{"a":0,"k":[100,100],"ix":3},"r":{"a":0,"k":0,"ix":6},"o":{"a":0,"k":100,"ix":7},"sk":{"a":0,"k":0,"ix":4},"sa":{"a":0,"k":0,"ix":5},"nm":"Transform"}],"nm":"Group 3","np":2,"cix":2,"bm":0,"ix":3,"mn":"ADBE Vector Group","hd":false},{"ty":"gr","it":[{"ind":0,"ty":"sh","ix":1,"ks":{"a":0,"k":{"i":[[-8.2,-4.18],[6.309,-26],[7.561,-16.59],[15.91,-8.53],[0,0],[8.24,7.23],[7.689,11.09],[7.64,18.51],[2.7,10.5],[-7.81,4.12],[-1.2,0.62],[-1.159,0.61],[0,0],[0,0],[-21.629,0.19],[-0.84,0.01],[-20.26,4.87],[-0.051,0.009],[-7.771,-3.97],[-1.391,-0.72]],"o":[[-1.59,14.07],[-4.361,17.94],[-9.489,20.85],[0,0],[-9.74,-4.04],[-9.63,-8.42],[-12.311,-17.761],[-10.19,-24.69],[12.24,-6.4],[1.39,-0.73],[5.03,-2.67],[0.301,-0.16],[0,0],[21.25,4.76],[0.851,0],[20.691,-0.351],[0.049,-0.01],[0,0],[1.24,0.639],[5.909,3.02]],"v":[[107.81,-72.66],[96.53,-8.19],[78.839,45.04],[41.12,91.94],[-5.99,91.94],[-32.94,74.76],[-58.9,45.04],[-88.73,-11.25],[-107.81,-68.46],[-77.13,-84.6],[-73.25,-86.64],[-63.711,-91.7],[-63.26,-91.94],[-58.7,-90.92],[5.839,-84.06],[8.379,-84.08],[69.99,-91.91],[70.14,-91.94],[82.48,-85.61],[86.43,-83.57]],"c":true},"ix":2},"nm":"Path 1","mn":"ADBE Vector Shape - Group","hd":false},{"ty":"fl","c":{"a":0,"k":[1,0.722000002394,0.630999995213,1],"ix":4},"o":{"a":0,"k":100,"ix":5},"r":1,"bm":0,"nm":"Fill 1","mn":"ADBE Vector Graphic - Fill","hd":false},{"ty":"tr","p":{"a":0,"k":[293.05,167.529],"ix":2},"a":{"a":0,"k":[0,0],"ix":1},"s":{"a":0,"k":[100,100],"ix":3},"r":{"a":0,"k":0,"ix":6},"o":{"a":0,"k":100,"ix":7},"sk":{"a":0,"k":0,"ix":4},"sa":{"a":0,"k":0,"ix":5},"nm":"Transform"}],"nm":"Group 4","np":2,"cix":2,"bm":0,"ix":4,"mn":"ADBE Vector Group","hd":false},{"ty":"gr","it":[{"ind":0,"ty":"sh","ix":1,"ks":{"a":0,"k":{"i":[[-33.65,-26.63],[4.799,-12.19],[0,0],[0.131,-0.339],[0.211,-0.53],[0.15,-0.371],[11.101,-22.511],[6.34,-10.61],[0.16,-0.281],[2.64,-3.93],[0,0],[-7.5,17.39],[-7.131,15.23],[-12.641,16.95]],"o":[[0,0],[0,0],[-0.13,0.34],[-0.189,0.483],[-0.146,0.364],[-6.45,16.23],[-5.689,11.55],[-0.16,0.28],[-2.59,4.3],[0,0],[5.67,-13.21],[6.43,-14.9],[13.21,-28.27],[0,0]],"v":[[96.5,-49.55],[88.93,-29.6],[88.93,-29.59],[88.529,-28.571],[87.924,-27.042],[87.49,-25.95],[60.439,35.4],[42.3,69.09],[41.81,69.92],[33.96,82.3],[-96.5,82.3],[-76.5,35.4],[-56.01,-10.42],[-16.25,-82.3]],"c":true},"ix":2},"nm":"Path 1","mn":"ADBE Vector Shape - Group","hd":false},{"ty":"fl","c":{"a":0,"k":[1,0.310000011968,0.305999995213,1],"ix":4},"o":{"a":0,"k":100,"ix":5},"r":1,"bm":0,"nm":"Fill 1","mn":"ADBE Vector Graphic - Fill","hd":false},{"ty":"tr","p":{"a":0,"k":[417.11,177.169],"ix":2},"a":{"a":0,"k":[0,0],"ix":1},"s":{"a":0,"k":[100,100],"ix":3},"r":{"a":0,"k":0,"ix":6},"o":{"a":0,"k":100,"ix":7},"sk":{"a":0,"k":0,"ix":4},"sa":{"a":0,"k":0,"ix":5},"nm":"Transform"}],"nm":"Group 5","np":2,"cix":2,"bm":0,"ix":5,"mn":"ADBE Vector Group","hd":false},{"ty":"gr","it":[{"ind":0,"ty":"sh","ix":1,"ks":{"a":0,"k":{"i":[[-2.28,-5.319],[0,0],[8.16,16.549],[6.46,16.23],[0,0],[0,0],[-12.7,-24.891],[-7.51,-16.321],[-4.08,-9.28]],"o":[[0,0],[-9.31,-13.85],[-11.1,-22.511],[-5.67,-14.27],[33.64,-26.629],[11.65,15.629],[8.36,16.389],[4.77,10.389],[2.68,6.09]],"v":[[96.5,80.199],[-33.96,80.199],[-60.44,33.301],[-87.5,-28.05],[-96.5,-51.65],[14.17,-80.2],[51.62,-16.579],[75.69,33.301],[89.04,63.02]],"c":true},"ix":2},"nm":"Path 1","mn":"ADBE Vector Shape - Group","hd":false},{"ty":"fl","c":{"a":0,"k":[1,0.310000011968,0.305999995213,1],"ix":4},"o":{"a":0,"k":100,"ix":5},"r":1,"bm":0,"nm":"Fill 1","mn":"ADBE Vector Graphic - Fill","hd":false},{"ty":"tr","p":{"a":0,"k":[171.07,179.269],"ix":2},"a":{"a":0,"k":[0,0],"ix":1},"s":{"a":0,"k":[100,100],"ix":3},"r":{"a":0,"k":0,"ix":6},"o":{"a":0,"k":100,"ix":7},"sk":{"a":0,"k":0,"ix":4},"sa":{"a":0,"k":0,"ix":5},"nm":"Transform"}],"nm":"Group 6","np":2,"cix":2,"bm":0,"ix":6,"mn":"ADBE Vector Group","hd":false},{"ty":"gr","it":[{"ind":0,"ty":"sh","ix":1,"ks":{"a":0,"k":{"i":[[-0.6,-0.29],[9.35,-21.91],[5.531,-12.18],[0,0],[-2.63,4.46],[-0.16,0.28],[-5.76,11.769],[-4.923,12.341],[-0.198,0.502],[-0.13,0.34],[-1.33,-0.641]],"o":[[-5.37,17.091],[-7.59,17.779],[0,0],[2.55,-3.75],[0.16,-0.28],[6,-10.22],[12.186,-24.881],[0.202,-0.51],[0.13,-0.34],[1.55,0.77],[0.53,0.259]],"v":[[30.35,-53.135],[6.31,9.046],[-14.41,55.945],[-30.35,55.945],[-22.56,43.565],[-22.07,42.735],[-4.22,9.046],[23.554,-53.397],[24.16,-54.925],[24.56,-55.945],[28.67,-53.954]],"c":true},"ix":2},"nm":"Path 1","mn":"ADBE Vector Shape - Group","hd":false},{"ty":"fl","c":{"a":0,"k":[0.769000004787,0.172999991623,0.19199999641,1],"ix":4},"o":{"a":0,"k":100,"ix":5},"r":1,"bm":0,"nm":"Fill 1","mn":"ADBE Vector Graphic - Fill","hd":false},{"ty":"tr","p":{"a":0,"k":[481.48,203.524],"ix":2},"a":{"a":0,"k":[0,0],"ix":1},"s":{"a":0,"k":[100,100],"ix":3},"r":{"a":0,"k":0,"ix":6},"o":{"a":0,"k":100,"ix":7},"sk":{"a":0,"k":0,"ix":4},"sa":{"a":0,"k":0,"ix":5},"nm":"Transform"}],"nm":"Group 7","np":2,"cix":2,"bm":0,"ix":7,"mn":"ADBE Vector Group","hd":false},{"ty":"gr","it":[{"ind":0,"ty":"sh","ix":1,"ks":{"a":0,"k":{"i":[[-21.647,-31.877],[0,0],[9.736,30.958],[-2.165,1.077]],"o":[[0,0],[-12.35,-27.188],[2.075,-1.019],[7.167,18.316]],"v":[[29.331,54.113],[13.393,54.113],[-29.331,-50.973],[-22.96,-54.113]],"c":true},"ix":2},"nm":"Path 1","mn":"ADBE Vector Shape - Group","hd":false},{"ty":"fl","c":{"a":0,"k":[0.769000004787,0.172999991623,0.19199999641,1],"ix":4},"o":{"a":0,"k":100,"ix":5},"r":1,"bm":0,"nm":"Fill 1","mn":"ADBE Vector Graphic - Fill","hd":false},{"ty":"tr","p":{"a":0,"k":[106.487,205.354],"ix":2},"a":{"a":0,"k":[0,0],"ix":1},"s":{"a":0,"k":[100,100],"ix":3},"r":{"a":0,"k":0,"ix":6},"o":{"a":0,"k":100,"ix":7},"sk":{"a":0,"k":0,"ix":4},"sa":{"a":0,"k":0,"ix":5},"nm":"Transform"}],"nm":"Group 8","np":2,"cix":2,"bm":0,"ix":8,"mn":"ADBE Vector Group","hd":false},{"ty":"gr","it":[{"ind":0,"ty":"sh","ix":1,"ks":{"a":0,"k":{"i":[[0,0],[0,0],[-22.27,25.589],[-6,2.399],[-3.33,1.5],[-10.19,5],[-2.17,1.08],[-0.01,0.011],[-30.33,15.889],[-7.81,4.12],[-1.2,0.62],[-1.16,0.611],[0,0],[0,0],[-21.63,0.19],[-0.84,0.01],[-20.26,4.871],[-0.05,0.01],[-7.77,-3.97],[-1.39,-0.719],[-8.2,-4.179],[-16.21,-8.16],[-18.729,-9.13],[-1.35,-0.661],[-0.6,-0.29],[-8.77,-3.5],[-1.09,-0.58],[-4.01,-5.09]],"o":[[0,0],[0,0],[4.44,-5.111],[2.39,-0.951],[7.06,-3.17],[2.07,-1.019],[0.01,-0.01],[31.21,-15.449],[12.24,-6.401],[1.39,-0.73],[5.03,-2.67],[0.3,-0.16],[0,0],[21.25,4.759],[0.85,0],[20.69,-0.35],[0.05,-0.009],[0,0],[1.24,0.64],[5.91,3.021],[13.17,6.72],[20.25,10.199],[1.38,0.679],[0.53,0.259],[19,9.221],[1.15,0.46],[5.38,2.851],[20.721,26.231]],"v":[[298.645,91.94],[-298.645,91.94],[-272.205,14.581],[-256.585,3.001],[-247.975,-0.7],[-221.735,-13.15],[-215.365,-16.289],[-215.325,-16.31],[-113.655,-68.459],[-82.975,-84.6],[-79.095,-86.64],[-69.555,-91.7],[-69.105,-91.94],[-64.545,-90.919],[-0.005,-84.06],[2.535,-84.08],[64.145,-91.91],[64.295,-91.94],[76.635,-85.61],[80.585,-83.57],[101.965,-72.66],[146.925,-49.879],[207.145,-19.959],[211.255,-17.959],[212.935,-17.14],[256.585,3.001],[259.945,4.56],[273.985,16.73]],"c":true},"ix":2},"nm":"Path 1","mn":"ADBE Vector Shape - Group","hd":false},{"ty":"fl","c":{"a":0,"k":[1,0.310000011968,0.305999995213,1],"ix":4},"o":{"a":0,"k":100,"ix":5},"r":1,"bm":0,"nm":"Fill 1","mn":"ADBE Vector Graphic - Fill","hd":false},{"ty":"tr","p":{"a":0,"k":[298.895,167.529],"ix":2},"a":{"a":0,"k":[0,0],"ix":1},"s":{"a":0,"k":[100,100],"ix":3},"r":{"a":0,"k":0,"ix":6},"o":{"a":0,"k":100,"ix":7},"sk":{"a":0,"k":0,"ix":4},"sa":{"a":0,"k":0,"ix":5},"nm":"Transform"}],"nm":"Group 9","np":2,"cix":2,"bm":0,"ix":9,"mn":"ADBE Vector Group","hd":false}],"ip":0,"op":1800,"st":0,"bm":0},{"ddd":0,"ind":7,"ty":4,"nm":"Ears","sr":1,"ks":{"o":{"a":0,"k":100,"ix":11},"r":{"a":0,"k":0,"ix":10},"p":{"a":1,"k":[{"i":{"x":0.23,"y":1},"o":{"x":0.77,"y":0},"t":0,"s":[517.148,415.411,0],"to":[-1.833,0,0],"ti":[-2.167,0,0]},{"i":{"x":0.23,"y":1},"o":{"x":0.77,"y":0},"t":71.191,"s":[506.148,415.411,0],"to":[1.101,0,0],"ti":[-4,0,0]},{"i":{"x":0.23,"y":1},"o":{"x":0.77,"y":0},"t":135.267,"s":[517.148,401.411,0],"to":[4,0,0],"ti":[-1.967,0,0]},{"i":{"x":0.23,"y":1},"o":{"x":0.77,"y":0},"t":204.084,"s":[530.148,415.411,0],"to":[4,0,0],"ti":[2.167,2.333,0]},{"i":{"x":0.23,"y":1},"o":{"x":0.77,"y":0},"t":272.904,"s":[508.148,397.411,0],"to":[-2.167,-2.333,0],"ti":[-3.667,-2,0]},{"i":{"x":0.23,"y":1},"o":{"x":0.77,"y":0},"t":329.857,"s":[517.148,401.411,0],"to":[3.667,2,0],"ti":[0,-5.333,0]},{"i":{"x":0.23,"y":1},"o":{"x":0.77,"y":0},"t":382.064,"s":[530.148,409.411,0],"to":[0,5.333,0],"ti":[2.167,-1,0]},{"i":{"x":0.23,"y":1},"o":{"x":0.167,"y":0},"t":436.645,"s":[517.148,433.411,0],"to":[-2.167,1,0],"ti":[0,3,0]},{"t":480,"s":[517.148,415.411,0]}],"ix":2,"x":"var $bm_rt;\nvar range, samples, on_off;\nrange = $bm_div(effect('Position - Smoothness')('ADBE Slider Control-0001'), 20);\nsamples = $bm_div(effect('Position - Blend Precision')('ADBE Slider Control-0001'), 2);\n$bm_rt = on_off = effect('Position - Blend On/Off')('ADBE Checkbox Control-0001');\nif (on_off == 1) {\n    try {\n        $bm_rt = smooth(range, samples);\n    } catch (e$$4) {\n        $bm_rt = smooth(1, 1);\n    }\n} else {\n    $bm_rt = value = value;\n}","l":2},"a":{"a":0,"k":[191.453,75.63,0],"ix":1,"l":2},"s":{"a":0,"k":[100,100,100],"ix":6,"l":2}},"ao":0,"ef":[{"ty":5,"nm":"Position - Smoothness","np":3,"mn":"ADBE Slider Control","ix":1,"en":1,"ef":[{"ty":0,"nm":"Slider","mn":"ADBE Slider Control-0001","ix":1,"v":{"a":0,"k":4,"ix":1,"x":"var $bm_rt;\n$bm_rt = clamp(value, 0, 100);"}}]},{"ty":5,"nm":"Position - Blend Precision","np":3,"mn":"ADBE Slider Control","ix":2,"en":1,"ef":[{"ty":0,"nm":"Slider","mn":"ADBE Slider Control-0001","ix":1,"v":{"a":0,"k":25,"ix":1,"x":"var $bm_rt;\n$bm_rt = clamp(value, 0, 100);"}}]},{"ty":5,"nm":"Position - Blend On/Off","np":3,"mn":"ADBE Checkbox Control","ix":3,"en":1,"ef":[{"ty":7,"nm":"Checkbox","mn":"ADBE Checkbox Control-0001","ix":1,"v":{"a":0,"k":1,"ix":1}}]},{"ty":5,"nm":"Position - Smoothness","np":3,"mn":"ADBE Slider Control","ix":4,"en":1,"ef":[{"ty":0,"nm":"Slider","mn":"ADBE Slider Control-0001","ix":1,"v":{"a":0,"k":4,"ix":1,"x":"var $bm_rt;\n$bm_rt = clamp(value, 0, 100);"}}]},{"ty":5,"nm":"Position - Blend Precision","np":3,"mn":"ADBE Slider Control","ix":5,"en":1,"ef":[{"ty":0,"nm":"Slider","mn":"ADBE Slider Control-0001","ix":1,"v":{"a":0,"k":25,"ix":1,"x":"var $bm_rt;\n$bm_rt = clamp(value, 0, 100);"}}]},{"ty":5,"nm":"Position - Blend On/Off","np":3,"mn":"ADBE Checkbox Control","ix":6,"en":1,"ef":[{"ty":7,"nm":"Checkbox","mn":"ADBE Checkbox Control-0001","ix":1,"v":{"a":0,"k":1,"ix":1}}]}],"shapes":[{"ty":"gr","it":[{"ind":0,"ty":"sh","ix":1,"ks":{"a":0,"k":{"i":[[-1.654,0.245],[-0.694,0.186],[-2.549,1.791],[0.091,0.176],[-1.227,0.648],[-0.646,-1.225],[11.496,-8.081],[2.928,0],[2.508,1.574],[0.784,0.814]],"o":[[0.661,-0.098],[3.116,1.283],[7.871,-5.534],[-0.645,-1.225],[1.225,-0.645],[0.374,0.707],[-2.324,1.633],[-2.868,0],[-1.006,-0.632],[1.655,-0.246]],"v":[[-10.414,9.473],[-8.408,8.973],[0.904,8.262],[1.832,-10.786],[2.882,-14.176],[6.273,-13.129],[3.792,12.368],[-4.333,14.822],[-12.629,12.461],[-15.288,10.262]],"c":true},"ix":2},"nm":"Path 1","mn":"ADBE Vector Shape - Group","hd":false},{"ty":"fl","c":{"a":0,"k":[1,0.969000004787,0.944999964097,1],"ix":4},"o":{"a":0,"k":100,"ix":5},"r":1,"bm":0,"nm":"Fill 1","mn":"ADBE Vector Graphic - Fill","hd":false},{"ty":"tr","p":{"a":0,"k":[316.507,122.783],"ix":2},"a":{"a":0,"k":[0,0],"ix":1},"s":{"a":0,"k":[100,100],"ix":3},"r":{"a":0,"k":0,"ix":6},"o":{"a":0,"k":100,"ix":7},"sk":{"a":0,"k":0,"ix":4},"sa":{"a":0,"k":0,"ix":5},"nm":"Transform"}],"nm":"Group 1","np":2,"cix":2,"bm":0,"ix":1,"mn":"ADBE Vector Group","hd":false},{"ty":"gr","it":[{"ind":0,"ty":"sh","ix":1,"ks":{"a":0,"k":{"i":[[0,0],[-26.549,-27.497],[46.462,20.86]],"o":[[0,0],[26.549,27.497],[0,0]],"v":[[-38.4,-28.92],[22.283,-47.883],[-48.832,54.52]],"c":true},"ix":2},"nm":"Path 1","mn":"ADBE Vector Shape - Group","hd":false},{"ty":"fl","c":{"a":0,"k":[1,0.722000002394,0.630999995213,1],"ix":4},"o":{"a":0,"k":100,"ix":5},"r":1,"bm":0,"nm":"Fill 1","mn":"ADBE Vector Graphic - Fill","hd":false},{"ty":"tr","p":{"a":0,"k":[333.825,75.63],"ix":2},"a":{"a":0,"k":[0,0],"ix":1},"s":{"a":0,"k":[100,100],"ix":3},"r":{"a":0,"k":0,"ix":6},"o":{"a":0,"k":100,"ix":7},"sk":{"a":0,"k":0,"ix":4},"sa":{"a":0,"k":0,"ix":5},"nm":"Transform"}],"nm":"Group 2","np":2,"cix":2,"bm":0,"ix":2,"mn":"ADBE Vector Group","hd":false},{"ty":"gr","it":[{"ind":0,"ty":"sh","ix":1,"ks":{"a":0,"k":{"i":[[1.655,0.245],[0.693,0.186],[2.55,1.791],[-0.09,0.176],[1.225,0.648],[0.646,-1.225],[-11.496,-8.081],[-2.927,0],[-2.508,1.574],[-0.784,0.814]],"o":[[-0.661,-0.098],[-3.118,1.283],[-7.871,-5.534],[0.647,-1.225],[-1.226,-0.645],[-0.374,0.707],[2.325,1.633],[2.869,0],[1.006,-0.632],[-1.655,-0.246]],"v":[[10.414,9.473],[8.409,8.973],[-0.905,8.262],[-1.833,-10.786],[-2.881,-14.176],[-6.273,-13.129],[-3.792,12.368],[4.333,14.822],[12.629,12.461],[15.288,10.262]],"c":true},"ix":2},"nm":"Path 1","mn":"ADBE Vector Shape - Group","hd":false},{"ty":"fl","c":{"a":0,"k":[1,0.969000004787,0.944999964097,1],"ix":4},"o":{"a":0,"k":100,"ix":5},"r":1,"bm":0,"nm":"Fill 1","mn":"ADBE Vector Graphic - Fill","hd":false},{"ty":"tr","p":{"a":0,"k":[66.4,122.783],"ix":2},"a":{"a":0,"k":[0,0],"ix":1},"s":{"a":0,"k":[100,100],"ix":3},"r":{"a":0,"k":0,"ix":6},"o":{"a":0,"k":100,"ix":7},"sk":{"a":0,"k":0,"ix":4},"sa":{"a":0,"k":0,"ix":5},"nm":"Transform"}],"nm":"Group 3","np":2,"cix":2,"bm":0,"ix":3,"mn":"ADBE Vector Group","hd":false},{"ty":"gr","it":[{"ind":0,"ty":"sh","ix":1,"ks":{"a":0,"k":{"i":[[0,0],[26.549,-27.497],[-46.461,20.86]],"o":[[0,0],[-26.549,27.497],[0,0]],"v":[[38.401,-28.92],[-22.283,-47.883],[48.832,54.52]],"c":true},"ix":2},"nm":"Path 1","mn":"ADBE Vector Shape - Group","hd":false},{"ty":"fl","c":{"a":0,"k":[1,0.722000002394,0.630999995213,1],"ix":4},"o":{"a":0,"k":100,"ix":5},"r":1,"bm":0,"nm":"Fill 1","mn":"ADBE Vector Graphic - Fill","hd":false},{"ty":"tr","p":{"a":0,"k":[49.081,75.63],"ix":2},"a":{"a":0,"k":[0,0],"ix":1},"s":{"a":0,"k":[100,100],"ix":3},"r":{"a":0,"k":0,"ix":6},"o":{"a":0,"k":100,"ix":7},"sk":{"a":0,"k":0,"ix":4},"sa":{"a":0,"k":0,"ix":5},"nm":"Transform"}],"nm":"Group 4","np":2,"cix":2,"bm":0,"ix":4,"mn":"ADBE Vector Group","hd":false}],"ip":0,"op":1800,"st":0,"bm":0},{"ddd":0,"ind":8,"ty":4,"nm":"Back Hair","sr":1,"ks":{"o":{"a":0,"k":100,"ix":11},"r":{"a":0,"k":0,"ix":10},"p":{"a":1,"k":[{"i":{"x":0.23,"y":1},"o":{"x":0.77,"y":0},"t":0,"s":[515.543,448.628,0],"to":[-3.333,0,0],"ti":[-3.167,0,0]},{"i":{"x":0.23,"y":1},"o":{"x":0.77,"y":0},"t":71.191,"s":[495.543,448.628,0],"to":[1.618,0,0],"ti":[-6.5,0,0]},{"i":{"x":0.23,"y":1},"o":{"x":0.77,"y":0},"t":135.267,"s":[515.543,433.628,0],"to":[6.5,0,0],"ti":[-3.179,0,0]},{"i":{"x":0.23,"y":1},"o":{"x":0.77,"y":0},"t":204.084,"s":[534.543,448.628,0],"to":[6.5,0,0],"ti":[3.167,2.5,0]},{"i":{"x":0.23,"y":1},"o":{"x":0.77,"y":0},"t":272.904,"s":[500.543,434.628,0],"to":[-3.167,-2.5,0],"ti":[-4.333,-0.833,0]},{"i":{"x":0.23,"y":1},"o":{"x":0.77,"y":0},"t":329.857,"s":[515.543,433.628,0],"to":[4.333,0.833,0],"ti":[0,-6.833,0]},{"i":{"x":0.23,"y":1},"o":{"x":0.77,"y":0},"t":382.064,"s":[526.543,439.628,0],"to":[0,6.833,0],"ti":[1.833,-1.5,0]},{"i":{"x":0.23,"y":1},"o":{"x":0.167,"y":0},"t":436.645,"s":[515.543,474.628,0],"to":[-1.833,1.5,0],"ti":[0,4.333,0]},{"t":480,"s":[515.543,448.628,0]}],"ix":2,"x":"var $bm_rt;\nvar range, samples, on_off;\nrange = $bm_div(effect('Position - Smoothness')('ADBE Slider Control-0001'), 20);\nsamples = $bm_div(effect('Position - Blend Precision')('ADBE Slider Control-0001'), 2);\n$bm_rt = on_off = effect('Position - Blend On/Off')('ADBE Checkbox Control-0001');\nif (on_off == 1) {\n    try {\n        $bm_rt = smooth(range, samples);\n    } catch (e$$4) {\n        $bm_rt = smooth(1, 1);\n    }\n} else {\n    $bm_rt = value = value;\n}","l":2},"a":{"a":0,"k":[323.431,289.905,0],"ix":1,"l":2},"s":{"a":0,"k":[100,100,100],"ix":6,"l":2}},"ao":0,"ef":[{"ty":5,"nm":"Position - Smoothness","np":3,"mn":"ADBE Slider Control","ix":1,"en":1,"ef":[{"ty":0,"nm":"Slider","mn":"ADBE Slider Control-0001","ix":1,"v":{"a":0,"k":4,"ix":1,"x":"var $bm_rt;\n$bm_rt = clamp(value, 0, 100);"}}]},{"ty":5,"nm":"Position - Blend Precision","np":3,"mn":"ADBE Slider Control","ix":2,"en":1,"ef":[{"ty":0,"nm":"Slider","mn":"ADBE Slider Control-0001","ix":1,"v":{"a":0,"k":25,"ix":1,"x":"var $bm_rt;\n$bm_rt = clamp(value, 0, 100);"}}]},{"ty":5,"nm":"Position - Blend On/Off","np":3,"mn":"ADBE Checkbox Control","ix":3,"en":1,"ef":[{"ty":7,"nm":"Checkbox","mn":"ADBE Checkbox Control-0001","ix":1,"v":{"a":0,"k":1,"ix":1}}]},{"ty":5,"nm":"Position - Smoothness","np":3,"mn":"ADBE Slider Control","ix":4,"en":1,"ef":[{"ty":0,"nm":"Slider","mn":"ADBE Slider Control-0001","ix":1,"v":{"a":0,"k":4,"ix":1,"x":"var $bm_rt;\n$bm_rt = clamp(value, 0, 100);"}}]},{"ty":5,"nm":"Position - Blend Precision","np":3,"mn":"ADBE Slider Control","ix":5,"en":1,"ef":[{"ty":0,"nm":"Slider","mn":"ADBE Slider Control-0001","ix":1,"v":{"a":0,"k":25,"ix":1,"x":"var $bm_rt;\n$bm_rt = clamp(value, 0, 100);"}}]},{"ty":5,"nm":"Position - Blend On/Off","np":3,"mn":"ADBE Checkbox Control","ix":6,"en":1,"ef":[{"ty":7,"nm":"Checkbox","mn":"ADBE Checkbox Control-0001","ix":1,"v":{"a":0,"k":1,"ix":1}}]}],"shapes":[{"ty":"gr","it":[{"ind":0,"ty":"sh","ix":1,"ks":{"a":0,"k":{"i":[[37.487,-37.024],[1.285,-24.167],[-18.348,-9.336],[0,0],[-32.984,4.017],[78.527,53.686]],"o":[[-24.458,24.156],[-1.301,24.466],[57.36,29.186],[0,0],[32.985,-4.017],[-78.395,-53.595]],"v":[[-115.172,-57.264],[-159.973,30.644],[-136.648,88.77],[39.402,8.21],[114.248,89.306],[82.746,-64.361]],"c":true},"ix":2},"nm":"Path 1","mn":"ADBE Vector Shape - Group","hd":false},{"ty":"fl","c":{"a":0,"k":[0.246999987434,0.125,0.216000007181,1],"ix":4},"o":{"a":0,"k":100,"ix":5},"r":1,"bm":0,"nm":"Fill 1","mn":"ADBE Vector Graphic - Fill","hd":false},{"ty":"tr","p":{"a":0,"k":[335.83,118.207],"ix":2},"a":{"a":0,"k":[0,0],"ix":1},"s":{"a":0,"k":[100,100],"ix":3},"r":{"a":0,"k":0,"ix":6},"o":{"a":0,"k":100,"ix":7},"sk":{"a":0,"k":0,"ix":4},"sa":{"a":0,"k":0,"ix":5},"nm":"Transform"}],"nm":"Group 1","np":2,"cix":2,"bm":0,"ix":1,"mn":"ADBE Vector Group","hd":false},{"ty":"gr","it":[{"ind":0,"ty":"sh","ix":1,"ks":{"a":0,"k":{"i":[[0,0],[-2.716,-93.965],[-47.418,-40.379],[63.933,-108.8],[0,0],[0,0]],"o":[[0,0],[2.715,93.966],[47.417,40.38],[0,0],[0,0],[0,0]],"v":[[-58.182,-259.309],[10.332,-108.337],[9.374,66.385],[98.293,259.309],[-162.225,259.309],[-162.225,-239.822]],"c":true},"ix":2},"nm":"Path 1","mn":"ADBE Vector Shape - Group","hd":false},{"ty":"fl","c":{"a":0,"k":[0.246999987434,0.125,0.216000007181,1],"ix":4},"o":{"a":0,"k":100,"ix":5},"r":1,"bm":0,"nm":"Fill 1","mn":"ADBE Vector Graphic - Fill","hd":false},{"ty":"tr","p":{"a":0,"k":[484.386,320.252],"ix":2},"a":{"a":0,"k":[0,0],"ix":1},"s":{"a":0,"k":[100,100],"ix":3},"r":{"a":0,"k":0,"ix":6},"o":{"a":0,"k":100,"ix":7},"sk":{"a":0,"k":0,"ix":4},"sa":{"a":0,"k":0,"ix":5},"nm":"Transform"}],"nm":"Group 2","np":2,"cix":2,"bm":0,"ix":2,"mn":"ADBE Vector Group","hd":false},{"ty":"gr","it":[{"ind":0,"ty":"sh","ix":1,"ks":{"a":0,"k":{"i":[[0,0],[2.716,-93.965],[47.418,-40.379],[-63.934,-108.8],[0,0],[0,0]],"o":[[0,0],[-2.715,93.966],[-47.418,40.38],[0,0],[0,0],[0,0]],"v":[[58.183,-259.309],[-10.331,-108.337],[-9.373,66.385],[-98.291,259.309],[162.226,259.309],[162.226,-239.822]],"c":true},"ix":2},"nm":"Path 1","mn":"ADBE Vector Shape - Group","hd":false},{"ty":"fl","c":{"a":0,"k":[0.246999987434,0.125,0.216000007181,1],"ix":4},"o":{"a":0,"k":100,"ix":5},"r":1,"bm":0,"nm":"Fill 1","mn":"ADBE Vector Graphic - Fill","hd":false},{"ty":"tr","p":{"a":0,"k":[162.475,320.252],"ix":2},"a":{"a":0,"k":[0,0],"ix":1},"s":{"a":0,"k":[100,100],"ix":3},"r":{"a":0,"k":0,"ix":6},"o":{"a":0,"k":100,"ix":7},"sk":{"a":0,"k":0,"ix":4},"sa":{"a":0,"k":0,"ix":5},"nm":"Transform"}],"nm":"Group 3","np":2,"cix":2,"bm":0,"ix":3,"mn":"ADBE Vector Group","hd":false}],"ip":0,"op":1800,"st":0,"bm":0}]}],"layers":[{"ddd":0,"ind":1,"ty":0,"nm":"Avatar 11","refId":"comp_0","sr":1,"ks":{"o":{"a":0,"k":100,"ix":11},"r":{"a":0,"k":0,"ix":10},"p":{"a":0,"k":[490,530,0],"ix":2,"l":2},"a":{"a":0,"k":[500,500,0],"ix":1,"l":2},"s":{"a":0,"k":[132,132,100],"ix":6,"l":2}},"ao":0,"w":1000,"h":1000,"ip":0,"op":474,"st":0,"bm":0}],"markers":[]}