{"v":"5.7.4","fr":60,"ip":0,"op":480,"w":1000,"h":1000,"nm":"Comp 1","ddd":0,"assets":[{"id":"comp_0","layers":[{"ddd":0,"ind":1,"ty":4,"nm":"Shape Layer 2","parent":3,"td":1,"sr":1,"ks":{"o":{"a":0,"k":100,"ix":11},"r":{"a":0,"k":0,"ix":10},"p":{"a":0,"k":[4,10,0],"ix":2,"l":2},"a":{"a":0,"k":[0,0,0],"ix":1,"l":2},"s":{"a":0,"k":[100,100,100],"ix":6,"l":2}},"ao":0,"shapes":[{"ty":"gr","it":[{"ind":0,"ty":"sh","ix":1,"ks":{"a":0,"k":{"i":[[0,0],[0,0],[145.104,0],[0,0],[0,0],[0,0],[0,0]],"o":[[0,0],[0,0],[-140.414,0],[0,0],[0,0],[0,0],[0,0]],"v":[[547.586,322.897],[211.172,312.552],[4,404.138],[-219.379,308.207],[-563.31,308.276],[-564,502],[548,502]],"c":true},"ix":2},"nm":"Path 1","mn":"ADBE Vector Shape - Group","hd":false},{"ty":"st","c":{"a":0,"k":[0.329412004059,0.63529399797,0.949020026712,1],"ix":3},"o":{"a":0,"k":100,"ix":4},"w":{"a":0,"k":0,"ix":5},"lc":1,"lj":1,"ml":4,"bm":0,"nm":"Stroke 1","mn":"ADBE Vector Graphic - Stroke","hd":false},{"ty":"fl","c":{"a":0,"k":[0.972549019608,0.408089162789,0.799890735103,1],"ix":4},"o":{"a":0,"k":100,"ix":5},"r":1,"bm":0,"nm":"Fill 1","mn":"ADBE Vector Graphic - Fill","hd":false},{"ty":"tr","p":{"a":0,"k":[0,0],"ix":2},"a":{"a":0,"k":[0,0],"ix":1},"s":{"a":0,"k":[100,100],"ix":3},"r":{"a":0,"k":0,"ix":6},"o":{"a":0,"k":100,"ix":7},"sk":{"a":0,"k":0,"ix":4},"sa":{"a":0,"k":0,"ix":5},"nm":"Transform"}],"nm":"Shape 1","np":3,"cix":2,"bm":0,"ix":1,"mn":"ADBE Vector Group","hd":false}],"ip":0,"op":480,"st":0,"bm":0},{"ddd":0,"ind":2,"ty":0,"nm":"Pre-comp 1","tt":2,"refId":"comp_1","sr":1,"ks":{"o":{"a":0,"k":100,"ix":11},"r":{"a":0,"k":0,"ix":10},"p":{"a":0,"k":[500,590,0],"ix":2,"l":2},"a":{"a":0,"k":[500,500,0],"ix":1,"l":2},"s":{"a":0,"k":[100,100,100],"ix":6,"l":2}},"ao":0,"w":1000,"h":1000,"ip":0,"op":480,"st":0,"bm":0},{"ddd":0,"ind":3,"ty":4,"nm":"Shape Layer 1","sr":1,"ks":{"o":{"a":0,"k":100,"ix":11},"r":{"a":0,"k":0,"ix":10},"p":{"a":0,"k":[496,490,0],"ix":2,"l":2},"a":{"a":0,"k":[0,0,0],"ix":1,"l":2},"s":{"a":0,"k":[96.667,96.667,100],"ix":6,"l":2}},"ao":0,"shapes":[{"ty":"gr","it":[{"d":1,"ty":"el","s":{"a":0,"k":[592,592],"ix":2},"p":{"a":0,"k":[0,0],"ix":3},"nm":"Ellipse Path 1","mn":"ADBE Vector Shape - Ellipse","hd":false},{"ty":"st","c":{"a":0,"k":[0.329412004059,0.63529399797,0.949020026712,1],"ix":3},"o":{"a":0,"k":100,"ix":4},"w":{"a":0,"k":0,"ix":5},"lc":1,"lj":1,"ml":4,"bm":0,"nm":"Stroke 1","mn":"ADBE Vector Graphic - Stroke","hd":false},{"ty":"fl","c":{"a":0,"k":[0.972549019608,0.408089162789,0.799890735103,1],"ix":4},"o":{"a":0,"k":100,"ix":5},"r":1,"bm":0,"nm":"Fill 1","mn":"ADBE Vector Graphic - Fill","hd":false},{"ty":"tr","p":{"a":0,"k":[2,116],"ix":2},"a":{"a":0,"k":[0,0],"ix":1},"s":{"a":0,"k":[100,100],"ix":3},"r":{"a":0,"k":0,"ix":6},"o":{"a":0,"k":100,"ix":7},"sk":{"a":0,"k":0,"ix":4},"sa":{"a":0,"k":0,"ix":5},"nm":"Transform"}],"nm":"Ellipse 1","np":3,"cix":2,"bm":0,"ix":1,"mn":"ADBE Vector Group","hd":false}],"ip":0,"op":480,"st":0,"bm":0}]},{"id":"comp_1","layers":[{"ddd":0,"ind":1,"ty":4,"nm":"Face 2","td":1,"sr":1,"ks":{"o":{"a":0,"k":100,"ix":11},"r":{"a":0,"k":0,"ix":10},"p":{"a":0,"k":[492.542,444.534,0],"ix":2,"l":2},"a":{"a":0,"k":[130.635,161.095,0],"ix":1,"l":2},"s":{"a":0,"k":[100,100,100],"ix":6,"l":2}},"ao":0,"shapes":[{"ty":"gr","it":[{"ind":0,"ty":"sh","ix":1,"ks":{"a":0,"k":{"i":[[1.962,-75.693],[85.891,2.031],[9.192,65.791],[0.372,5.413],[-90.583,2.966],[-5.402,-0.158],[-4.342,-1.421]],"o":[[-1.872,71.972],[-75.997,-1.782],[-0.767,-5.549],[-7.32,-106.068],[5.086,-0.169],[4.67,0.135],[62.622,20.528]],"v":[[128.424,-8.567],[1.579,158.814],[-121.351,19.123],[-123.066,2.645],[2.381,-160.676],[18.114,-160.687],[49.796,-155.409]],"c":true},"ix":2},"nm":"Path 1","mn":"ADBE Vector Shape - Group","hd":false},{"ty":"fl","c":{"a":0,"k":[0.438999998803,0.211999990426,0.13300000359,1],"ix":4},"o":{"a":0,"k":100,"ix":5},"r":1,"bm":0,"nm":"Fill 1","mn":"ADBE Vector Graphic - Fill","hd":false},{"ty":"tr","p":{"a":0,"k":[130.635,161.095],"ix":2},"a":{"a":0,"k":[0,0],"ix":1},"s":{"a":0,"k":[100,100],"ix":3},"r":{"a":0,"k":0,"ix":6},"o":{"a":0,"k":100,"ix":7},"sk":{"a":0,"k":0,"ix":4},"sa":{"a":0,"k":0,"ix":5},"nm":"Transform"}],"nm":"Group 1","np":2,"cix":2,"bm":0,"ix":1,"mn":"ADBE Vector Group","hd":false}],"ip":0,"op":480,"st":0,"bm":0},{"ddd":0,"ind":2,"ty":4,"nm":"Front hair","tt":1,"sr":1,"ks":{"o":{"a":0,"k":100,"ix":11},"r":{"a":0,"k":0,"ix":10},"p":{"a":1,"k":[{"i":{"x":0.3,"y":1},"o":{"x":0.7,"y":0},"t":0,"s":[494.862,472.981,0],"to":[0,3.167,0],"ti":[2.333,0,0]},{"i":{"x":0.3,"y":1},"o":{"x":0.7,"y":0},"t":82.235,"s":[494.862,491.981,0],"to":[-2.333,0,0],"ti":[-1.833,3.167,0]},{"i":{"x":0.3,"y":1},"o":{"x":0.7,"y":0},"t":154.983,"s":[480.862,472.981,0],"to":[1.833,-3.167,0],"ti":[-2.333,0,0]},{"i":{"x":0.3,"y":1},"o":{"x":0.7,"y":0},"t":224.566,"s":[505.862,472.981,0],"to":[2.333,0,0],"ti":[0.833,-3.167,0]},{"i":{"x":0.3,"y":1},"o":{"x":0.7,"y":0},"t":297.314,"s":[494.862,472.981,0],"to":[-0.833,3.167,0],"ti":[0,3,0]},{"i":{"x":0.3,"y":1},"o":{"x":0.7,"y":0},"t":357.41,"s":[500.862,491.981,0],"to":[0,-3,0],"ti":[1,3.167,0]},{"i":{"x":0.3,"y":1},"o":{"x":0.7,"y":0},"t":414.342,"s":[494.862,454.981,0],"to":[-1,-3.167,0],"ti":[0,-3,0]},{"t":477.6,"s":[494.862,472.981,0]}],"ix":2,"x":"var $bm_rt;\nvar range, samples, on_off;\nrange = $bm_div(effect('Position - Smoothness')('ADBE Slider Control-0001'), 20);\nsamples = $bm_div(effect('Position - Blend Precision')('ADBE Slider Control-0001'), 2);\n$bm_rt = on_off = effect('Position - Blend On/Off')('ADBE Checkbox Control-0001');\nif (on_off == 1) {\n    try {\n        $bm_rt = smooth(range, samples);\n    } catch (e$$4) {\n        $bm_rt = smooth(1, 1);\n    }\n} else {\n    $bm_rt = value = value;\n}","l":2},"a":{"a":0,"k":[132.955,194.929,0],"ix":1,"l":2},"s":{"a":0,"k":[100,100,100],"ix":6,"l":2}},"ao":0,"ef":[{"ty":5,"nm":"Position - Smoothness","np":3,"mn":"ADBE Slider Control","ix":1,"en":1,"ef":[{"ty":0,"nm":"Slider","mn":"ADBE Slider Control-0001","ix":1,"v":{"a":0,"k":4,"ix":1,"x":"var $bm_rt;\n$bm_rt = clamp(value, 0, 100);"}}]},{"ty":5,"nm":"Position - Blend Precision","np":3,"mn":"ADBE Slider Control","ix":2,"en":1,"ef":[{"ty":0,"nm":"Slider","mn":"ADBE Slider Control-0001","ix":1,"v":{"a":0,"k":25,"ix":1,"x":"var $bm_rt;\n$bm_rt = clamp(value, 0, 100);"}}]},{"ty":5,"nm":"Position - Blend On/Off","np":3,"mn":"ADBE Checkbox Control","ix":3,"en":1,"ef":[{"ty":7,"nm":"Checkbox","mn":"ADBE Checkbox Control-0001","ix":1,"v":{"a":0,"k":1,"ix":1}}]}],"shapes":[{"ty":"gr","it":[{"ind":0,"ty":"sh","ix":1,"ks":{"a":0,"k":{"i":[[-29.873,0.474],[-17.482,-14.099],[9.493,-28.555],[0,0],[-0.35,0.79],[-0.372,5.413],[96.891,-4.274]],"o":[[29.602,-0.47],[21.609,17.426],[-9.817,29.529],[0.361,-0.755],[0.766,-5.549],[7.32,-106.069],[-12.261,46.448]],"v":[[-11.949,-31.728],[24.796,12.542],[43.999,51.117],[62.407,93.198],[63.479,90.875],[65.193,74.397],[-60.252,-88.924]],"c":true},"ix":2},"nm":"Path 1","mn":"ADBE Vector Shape - Group","hd":false},{"ty":"fl","c":{"a":0,"k":[0.128999986836,0.128999986836,0.128999986836,1],"ix":4},"o":{"a":0,"k":100,"ix":5},"r":1,"bm":0,"nm":"Fill 1","mn":"ADBE Vector Graphic - Fill","hd":false},{"ty":"tr","p":{"a":0,"k":[193.196,193.731],"ix":2},"a":{"a":0,"k":[0,92],"ix":1},"s":{"a":0,"k":[123.3,115.247],"ix":3},"r":{"a":0,"k":0,"ix":6},"o":{"a":0,"k":100,"ix":7},"sk":{"a":0,"k":0,"ix":4},"sa":{"a":0,"k":0,"ix":5},"nm":"Transform"}],"nm":"Group 4","np":2,"cix":2,"bm":0,"ix":1,"mn":"ADBE Vector Group","hd":false},{"ty":"gr","it":[{"ind":0,"ty":"sh","ix":1,"ks":{"a":0,"k":{"i":[[-29.873,0.474],[-17.482,-14.099],[9.493,-28.555],[0,0],[-0.35,0.79],[-0.372,5.413],[96.891,-4.274]],"o":[[29.602,-0.47],[21.609,17.426],[-9.817,29.529],[0.361,-0.755],[0.766,-5.549],[7.32,-106.069],[-12.261,46.448]],"v":[[-11.949,-31.728],[24.796,12.542],[43.999,51.117],[62.407,93.198],[63.479,90.875],[65.193,74.397],[-60.252,-88.924]],"c":true},"ix":2},"nm":"Path 1","mn":"ADBE Vector Shape - Group","hd":false},{"ty":"fl","c":{"a":0,"k":[0.128999986836,0.128999986836,0.128999986836,1],"ix":4},"o":{"a":0,"k":100,"ix":5},"r":1,"bm":0,"nm":"Fill 1","mn":"ADBE Vector Graphic - Fill","hd":false},{"ty":"tr","p":{"a":0,"k":[193.196,93.731],"ix":2},"a":{"a":0,"k":[0,0],"ix":1},"s":{"a":0,"k":[100,100],"ix":3},"r":{"a":0,"k":0,"ix":6},"o":{"a":0,"k":100,"ix":7},"sk":{"a":0,"k":0,"ix":4},"sa":{"a":0,"k":0,"ix":5},"nm":"Transform"}],"nm":"Group 1","np":2,"cix":2,"bm":0,"ix":2,"mn":"ADBE Vector Group","hd":false},{"ty":"gr","it":[{"ind":0,"ty":"sh","ix":1,"ks":{"a":0,"k":{"i":[[29.791,-2.264],[21.921,-12.61],[-5.827,-19.403],[0,0],[0.349,0.79],[0.372,5.413],[-98.872,-4.556]],"o":[[-22.266,1.692],[-24.062,13.843],[8.657,28.83],[-0.361,-0.755],[-0.767,-5.549],[-7.32,-106.069],[12.26,46.448]],"v":[[10.152,-23.974],[-27.34,16.121],[-42.604,57.655],[-62.407,93.34],[-63.478,91.017],[-65.193,74.538],[60.253,-88.784]],"c":true},"ix":2},"nm":"Path 1","mn":"ADBE Vector Shape - Group","hd":false},{"ty":"fl","c":{"a":0,"k":[0.128999986836,0.128999986836,0.128999986836,1],"ix":4},"o":{"a":0,"k":100,"ix":5},"r":1,"bm":0,"nm":"Fill 1","mn":"ADBE Vector Graphic - Fill","hd":false},{"ty":"tr","p":{"a":0,"k":[72.763,196.59],"ix":2},"a":{"a":0,"k":[0,95],"ix":1},"s":{"a":0,"k":[123.3,115.247],"ix":3},"r":{"a":0,"k":0,"ix":6},"o":{"a":0,"k":100,"ix":7},"sk":{"a":0,"k":0,"ix":4},"sa":{"a":0,"k":0,"ix":5},"nm":"Transform"}],"nm":"Group 3","np":2,"cix":2,"bm":0,"ix":3,"mn":"ADBE Vector Group","hd":false},{"ty":"gr","it":[{"ind":0,"ty":"sh","ix":1,"ks":{"a":0,"k":{"i":[[29.791,-2.264],[21.921,-12.61],[-5.827,-19.403],[0,0],[0.349,0.79],[0.372,5.413],[-98.872,-4.556]],"o":[[-22.266,1.692],[-24.062,13.843],[8.657,28.83],[-0.361,-0.755],[-0.767,-5.549],[-7.32,-106.069],[12.26,46.448]],"v":[[10.152,-23.974],[-27.34,16.121],[-42.604,57.655],[-62.407,93.34],[-63.478,91.017],[-65.193,74.538],[60.253,-88.784]],"c":true},"ix":2},"nm":"Path 1","mn":"ADBE Vector Shape - Group","hd":false},{"ty":"fl","c":{"a":0,"k":[0.128999986836,0.128999986836,0.128999986836,1],"ix":4},"o":{"a":0,"k":100,"ix":5},"r":1,"bm":0,"nm":"Fill 1","mn":"ADBE Vector Graphic - Fill","hd":false},{"ty":"tr","p":{"a":0,"k":[72.763,93.59],"ix":2},"a":{"a":0,"k":[0,0],"ix":1},"s":{"a":0,"k":[100,100],"ix":3},"r":{"a":0,"k":0,"ix":6},"o":{"a":0,"k":100,"ix":7},"sk":{"a":0,"k":0,"ix":4},"sa":{"a":0,"k":0,"ix":5},"nm":"Transform"}],"nm":"Group 2","np":2,"cix":2,"bm":0,"ix":4,"mn":"ADBE Vector Group","hd":false}],"ip":0,"op":480,"st":0,"bm":0},{"ddd":0,"ind":3,"ty":4,"nm":"Face","sr":1,"ks":{"o":{"a":0,"k":100,"ix":11},"r":{"a":0,"k":0,"ix":10},"p":{"a":0,"k":[492.542,445.534,0],"ix":2,"l":2},"a":{"a":0,"k":[130.635,161.095,0],"ix":1,"l":2},"s":{"a":0,"k":[100,100,100],"ix":6,"l":2}},"ao":0,"shapes":[{"ty":"gr","it":[{"ind":0,"ty":"sh","ix":1,"ks":{"a":0,"k":{"i":[[1.962,-75.693],[85.891,2.031],[9.192,65.791],[0.372,5.413],[-90.583,2.966],[-5.402,-0.158],[-4.342,-1.421]],"o":[[-1.872,71.972],[-75.997,-1.782],[-0.767,-5.549],[-7.32,-106.068],[5.086,-0.169],[4.67,0.135],[62.622,20.528]],"v":[[128.424,-8.567],[1.579,158.814],[-121.351,19.123],[-123.066,2.645],[2.381,-160.676],[18.114,-160.687],[49.796,-155.409]],"c":true},"ix":2},"nm":"Path 1","mn":"ADBE Vector Shape - Group","hd":false},{"ty":"fl","c":{"a":0,"k":[0.438999998803,0.211999990426,0.13300000359,1],"ix":4},"o":{"a":0,"k":100,"ix":5},"r":1,"bm":0,"nm":"Fill 1","mn":"ADBE Vector Graphic - Fill","hd":false},{"ty":"tr","p":{"a":0,"k":[130.635,161.095],"ix":2},"a":{"a":0,"k":[0,0],"ix":1},"s":{"a":0,"k":[100,100],"ix":3},"r":{"a":0,"k":0,"ix":6},"o":{"a":0,"k":100,"ix":7},"sk":{"a":0,"k":0,"ix":4},"sa":{"a":0,"k":0,"ix":5},"nm":"Transform"}],"nm":"Group 1","np":2,"cix":2,"bm":0,"ix":1,"mn":"ADBE Vector Group","hd":false}],"ip":0,"op":480,"st":0,"bm":0},{"ddd":0,"ind":4,"ty":4,"nm":"ears","sr":1,"ks":{"o":{"a":0,"k":100,"ix":11},"r":{"a":0,"k":0,"ix":10},"p":{"a":1,"k":[{"i":{"x":0.3,"y":1},"o":{"x":0.7,"y":0},"t":0,"s":[503.782,493.932,0],"to":[0,-2.833,0],"ti":[-1.833,0,0]},{"i":{"x":0.49,"y":0.679},"o":{"x":0.781,"y":0},"t":82.235,"s":[503.782,476.932,0],"to":[1.704,0,0],"ti":[1.376,-4,0]},{"i":{"x":0.3,"y":1},"o":{"x":0.266,"y":0.111},"t":156,"s":[505.321,493.174,0],"to":[-0.104,0.303,0],"ti":[0.256,-0.126,0]},{"i":{"x":0.3,"y":1},"o":{"x":0.7,"y":0},"t":224.566,"s":[481.782,493.932,0],"to":[-0.256,0.126,0],"ti":[0.167,2.833,0]},{"i":{"x":0.3,"y":1},"o":{"x":0.7,"y":0},"t":297.314,"s":[503.782,493.932,0],"to":[-0.167,-2.833,0],"ti":[0.667,-4,0]},{"i":{"x":0.3,"y":1},"o":{"x":0.7,"y":0},"t":357.41,"s":[480.782,476.932,0],"to":[-0.667,4,0],"ti":[-3.833,-2.833,0]},{"i":{"x":0.3,"y":1},"o":{"x":0.7,"y":0},"t":415.2,"s":[499.782,517.932,0],"to":[3.833,2.833,0],"ti":[-0.667,4,0]},{"t":477.6,"s":[503.782,493.932,0]}],"ix":2,"x":"var $bm_rt;\nvar range, samples, on_off;\nrange = $bm_div(effect('Position - Smoothness')('ADBE Slider Control-0001'), 20);\nsamples = $bm_div(effect('Position - Blend Precision')('ADBE Slider Control-0001'), 2);\n$bm_rt = on_off = effect('Position - Blend On/Off')('ADBE Checkbox Control-0001');\nif (on_off == 1) {\n    try {\n        $bm_rt = smooth(range, samples);\n    } catch (e$$4) {\n        $bm_rt = smooth(1, 1);\n    }\n} else {\n    $bm_rt = value = value;\n}","l":2},"a":{"a":0,"k":[180.669,99.335,0],"ix":1,"l":2},"s":{"a":0,"k":[100,100,100],"ix":6,"l":2}},"ao":0,"ef":[{"ty":5,"nm":"Position - Smoothness","np":3,"mn":"ADBE Slider Control","ix":1,"en":1,"ef":[{"ty":0,"nm":"Slider","mn":"ADBE Slider Control-0001","ix":1,"v":{"a":0,"k":4,"ix":1,"x":"var $bm_rt;\n$bm_rt = clamp(value, 0, 100);"}}]},{"ty":5,"nm":"Position - Blend Precision","np":3,"mn":"ADBE Slider Control","ix":2,"en":1,"ef":[{"ty":0,"nm":"Slider","mn":"ADBE Slider Control-0001","ix":1,"v":{"a":0,"k":25,"ix":1,"x":"var $bm_rt;\n$bm_rt = clamp(value, 0, 100);"}}]},{"ty":5,"nm":"Position - Blend On/Off","np":3,"mn":"ADBE Checkbox Control","ix":3,"en":1,"ef":[{"ty":7,"nm":"Checkbox","mn":"ADBE Checkbox Control-0001","ix":1,"v":{"a":0,"k":1,"ix":1}}]}],"shapes":[{"ty":"gr","it":[{"ind":0,"ty":"sh","ix":1,"ks":{"a":0,"k":{"i":[[0,0],[0,-23.134],[30.499,0],[0,30.498],[-23.889,6.112],[-3.835,0.169],[-0.158,-1.94],[2.234,-0.384],[0,-24.589],[-27.385,0],[0,27.386],[16.581,8.053]],"o":[[20.212,8.234],[0,30.498],[-30.498,0],[0,-25.762],[3.587,-0.926],[0.609,1.816],[-2.312,0.067],[-23.494,3.913],[0,27.386],[27.386,0],[0,-19.626],[0,0]],"v":[[20.81,-51.269],[55.301,-0.039],[0,55.273],[-55.301,-0.039],[-13.715,-53.603],[-2.56,-55.273],[-1.376,-49.667],[-8.2,-49.001],[-49.662,-0.039],[0,49.634],[49.662,-0.039],[21.622,-44.727]],"c":true},"ix":2},"nm":"Path 1","mn":"ADBE Vector Shape - Group","hd":false},{"ty":"fl","c":{"a":0,"k":[1,0.969000004787,0.944999964097,1],"ix":4},"o":{"a":0,"k":100,"ix":5},"r":1,"bm":0,"nm":"Fill 2","mn":"ADBE Vector Graphic - Fill","hd":false},{"ty":"fl","c":{"a":0,"k":[1,0.969000004787,0.944999964097,1],"ix":4},"o":{"a":0,"k":100,"ix":5},"r":1,"bm":0,"nm":"Fill 1","mn":"ADBE Vector Graphic - Fill","hd":false},{"ty":"tr","p":{"a":0,"k":[55.551,143.147],"ix":2},"a":{"a":0,"k":[0,0],"ix":1},"s":{"a":0,"k":[100,100],"ix":3},"r":{"a":0,"k":0,"ix":6},"o":{"a":0,"k":100,"ix":7},"sk":{"a":0,"k":0,"ix":4},"sa":{"a":0,"k":0,"ix":5},"nm":"Transform"}],"nm":"Group 1","np":3,"cix":2,"bm":0,"ix":1,"mn":"ADBE Vector Group","hd":false},{"ty":"gr","it":[{"ind":0,"ty":"sh","ix":1,"ks":{"a":0,"k":{"i":[[0,0],[20.209,-20.931],[-35.366,15.878]],"o":[[0,0],[-20.21,20.932],[0,0]],"v":[[29.232,-22.014],[-16.961,-36.45],[37.171,41.502]],"c":true},"ix":2},"nm":"Path 1","mn":"ADBE Vector Shape - Group","hd":false},{"ty":"fl","c":{"a":0,"k":[0.438999998803,0.211999990426,0.13300000359,1],"ix":4},"o":{"a":0,"k":100,"ix":5},"r":1,"bm":0,"nm":"Fill 1","mn":"ADBE Vector Graphic - Fill","hd":false},{"ty":"tr","p":{"a":0,"k":[40.094,57.631],"ix":2},"a":{"a":0,"k":[0,0],"ix":1},"s":{"a":0,"k":[100,100],"ix":3},"r":{"a":0,"k":0,"ix":6},"o":{"a":0,"k":100,"ix":7},"sk":{"a":0,"k":0,"ix":4},"sa":{"a":0,"k":0,"ix":5},"nm":"Transform"}],"nm":"Group 2","np":2,"cix":2,"bm":0,"ix":2,"mn":"ADBE Vector Group","hd":false},{"ty":"gr","it":[{"ind":0,"ty":"sh","ix":1,"ks":{"a":0,"k":{"i":[[0,0],[0,-19.626],[-27.386,0],[0,27.386],[23.495,3.913],[2.312,0.067],[-0.61,1.816],[-3.586,-0.926],[0,-25.762],[30.498,0],[0,30.498],[-20.212,8.234]],"o":[[-16.58,8.053],[0,27.386],[27.386,0],[0,-24.589],[-2.232,-0.384],[0.157,-1.94],[3.835,0.169],[23.89,6.112],[0,30.498],[-30.499,0],[0,-23.134],[0,0]],"v":[[-21.621,-44.727],[-49.661,-0.039],[0,49.634],[49.661,-0.039],[8.2,-49.001],[1.377,-49.667],[2.562,-55.273],[13.716,-53.603],[55.302,-0.039],[0,55.273],[-55.302,-0.039],[-20.81,-51.269]],"c":true},"ix":2},"nm":"Path 1","mn":"ADBE Vector Shape - Group","hd":false},{"ty":"fl","c":{"a":0,"k":[1,0.969000004787,0.944999964097,1],"ix":4},"o":{"a":0,"k":100,"ix":5},"r":1,"bm":0,"nm":"Fill 1","mn":"ADBE Vector Graphic - Fill","hd":false},{"ty":"tr","p":{"a":0,"k":[305.57,143.147],"ix":2},"a":{"a":0,"k":[0,0],"ix":1},"s":{"a":0,"k":[100,100],"ix":3},"r":{"a":0,"k":0,"ix":6},"o":{"a":0,"k":100,"ix":7},"sk":{"a":0,"k":0,"ix":4},"sa":{"a":0,"k":0,"ix":5},"nm":"Transform"}],"nm":"Group 3","np":2,"cix":2,"bm":0,"ix":3,"mn":"ADBE Vector Group","hd":false},{"ty":"gr","it":[{"ind":0,"ty":"sh","ix":1,"ks":{"a":0,"k":{"i":[[0,0],[-20.209,-20.931],[35.367,15.878]],"o":[[0,0],[20.21,20.932],[0,0]],"v":[[-29.231,-22.014],[16.961,-36.45],[-37.171,41.502]],"c":true},"ix":2},"nm":"Path 1","mn":"ADBE Vector Shape - Group","hd":false},{"ty":"fl","c":{"a":0,"k":[0.438999998803,0.211999990426,0.13300000359,1],"ix":4},"o":{"a":0,"k":100,"ix":5},"r":1,"bm":0,"nm":"Fill 1","mn":"ADBE Vector Graphic - Fill","hd":false},{"ty":"tr","p":{"a":0,"k":[323.917,57.631],"ix":2},"a":{"a":0,"k":[0,0],"ix":1},"s":{"a":0,"k":[100,100],"ix":3},"r":{"a":0,"k":0,"ix":6},"o":{"a":0,"k":100,"ix":7},"sk":{"a":0,"k":0,"ix":4},"sa":{"a":0,"k":0,"ix":5},"nm":"Transform"}],"nm":"Group 4","np":2,"cix":2,"bm":0,"ix":4,"mn":"ADBE Vector Group","hd":false}],"ip":0,"op":480,"st":0,"bm":0},{"ddd":0,"ind":5,"ty":4,"nm":"Nect TT","td":1,"sr":1,"ks":{"o":{"a":0,"k":100,"ix":11},"r":{"a":0,"k":0,"ix":10},"p":{"a":0,"k":[489.919,613.829,0],"ix":2,"l":2},"a":{"a":0,"k":[64.096,41.953,0],"ix":1,"l":2},"s":{"a":0,"k":[100,100,100],"ix":6,"l":2}},"ao":0,"shapes":[{"ty":"gr","it":[{"ind":0,"ty":"sh","ix":1,"ks":{"a":0,"k":{"i":[[-1.932,-11.61],[29.927,42.119],[0.293,11.083],[0,0]],"o":[[-16.414,28.017],[4.795,-23.012],[0,0],[1.052,9.802]],"v":[[63.847,24.348],[-64.847,21.051],[-57.673,-37.118],[55.986,-41.704]],"c":true},"ix":2},"nm":"Path 1","mn":"ADBE Vector Shape - Group","hd":false},{"ty":"fl","c":{"a":0,"k":[0.286000001197,0.128999986836,0.086000001197,1],"ix":4},"o":{"a":0,"k":100,"ix":5},"r":1,"bm":0,"nm":"Fill 1","mn":"ADBE Vector Graphic - Fill","hd":false},{"ty":"tr","p":{"a":0,"k":[64.097,41.953],"ix":2},"a":{"a":0,"k":[0,0],"ix":1},"s":{"a":0,"k":[100,100],"ix":3},"r":{"a":0,"k":0,"ix":6},"o":{"a":0,"k":100,"ix":7},"sk":{"a":0,"k":0,"ix":4},"sa":{"a":0,"k":0,"ix":5},"nm":"Transform"}],"nm":"Group 1","np":2,"cix":2,"bm":0,"ix":1,"mn":"ADBE Vector Group","hd":false}],"ip":0,"op":480,"st":0,"bm":0},{"ddd":0,"ind":6,"ty":4,"nm":"Neck ss","parent":2,"tt":1,"sr":1,"ks":{"o":{"a":0,"k":100,"ix":11},"r":{"a":0,"k":0,"ix":10},"p":{"a":0,"k":[138.094,221.949,0],"ix":2,"l":2},"a":{"a":0,"k":[0,0,0],"ix":1,"l":2},"s":{"a":0,"k":[100,100,100],"ix":6,"l":2}},"ao":0,"shapes":[{"ty":"gr","it":[{"ind":0,"ty":"sh","ix":1,"ks":{"a":0,"k":{"i":[[0,0],[-42.5,0],[0,0]],"o":[[0,0],[42.5,0],[0,0]],"v":[[-86,56],[-6.5,136],[73.5,58]],"c":true},"ix":2},"nm":"Path 1","mn":"ADBE Vector Shape - Group","hd":false},{"ty":"st","c":{"a":0,"k":[0.329412004059,0.63529399797,0.949020026712,1],"ix":3},"o":{"a":0,"k":100,"ix":4},"w":{"a":0,"k":0,"ix":5},"lc":1,"lj":1,"ml":4,"bm":0,"nm":"Stroke 1","mn":"ADBE Vector Graphic - Stroke","hd":false},{"ty":"fl","c":{"a":0,"k":[0.286274509804,0.129411764706,0.086274509804,1],"ix":4},"o":{"a":0,"k":100,"ix":5},"r":1,"bm":0,"nm":"Fill 1","mn":"ADBE Vector Graphic - Fill","hd":false},{"ty":"tr","p":{"a":0,"k":[0,0],"ix":2},"a":{"a":0,"k":[0,0],"ix":1},"s":{"a":0,"k":[100,100],"ix":3},"r":{"a":0,"k":0,"ix":6},"o":{"a":0,"k":100,"ix":7},"sk":{"a":0,"k":0,"ix":4},"sa":{"a":0,"k":0,"ix":5},"nm":"Transform"}],"nm":"Shape 1","np":3,"cix":2,"bm":0,"ix":1,"mn":"ADBE Vector Group","hd":false}],"ip":0,"op":480,"st":0,"bm":0},{"ddd":0,"ind":7,"ty":4,"nm":"Body","sr":1,"ks":{"o":{"a":0,"k":100,"ix":11},"r":{"a":0,"k":0,"ix":10},"p":{"a":0,"k":[492.326,694.486,0],"ix":2,"l":2},"a":{"a":0,"k":[300.566,130.584,0],"ix":1,"l":2},"s":{"a":0,"k":[100,100,100],"ix":6,"l":2}},"ao":0,"shapes":[{"ty":"gr","it":[{"ind":0,"ty":"sh","ix":1,"ks":{"a":0,"k":{"i":[[0,0],[54.126,0],[0,0],[-2.541,12.033],[0,0],[0.286,10.619],[0,0],[-1.886,-11.125]],"o":[[0,0],[-63.131,0],[5.485,-14.541],[0,0],[4.679,-22.048],[0,0],[1.027,9.392],[5.015,29.538]],"v":[[71.949,27.013],[6.042,64.039],[-71.949,30.379],[-60.152,-9.66],[-60.135,-9.66],[-55.086,-59.645],[55.825,-64.039],[60.404,-32.465]],"c":true},"ix":2},"nm":"Path 1","mn":"ADBE Vector Shape - Group","hd":false},{"ty":"fl","c":{"a":0,"k":[0.438999998803,0.211999990426,0.13300000359,1],"ix":4},"o":{"a":0,"k":100,"ix":5},"r":1,"bm":0,"nm":"Fill 1","mn":"ADBE Vector Graphic - Fill","hd":false},{"ty":"tr","p":{"a":0,"k":[296.332,64.289],"ix":2},"a":{"a":0,"k":[0,0],"ix":1},"s":{"a":0,"k":[100,100],"ix":3},"r":{"a":0,"k":0,"ix":6},"o":{"a":0,"k":100,"ix":7},"sk":{"a":0,"k":0,"ix":4},"sa":{"a":0,"k":0,"ix":5},"nm":"Transform"}],"nm":"Group 1","np":2,"cix":2,"bm":0,"ix":1,"mn":"ADBE Vector Group","hd":false},{"ty":"gr","it":[{"ind":0,"ty":"sh","ix":1,"ks":{"a":0,"k":{"i":[[1.049,-41.946],[0,0],[36.263,14.494],[15.07,7.389],[2.177,1.083],[0.012,0.011],[4.082,2.053]],"o":[[0,0],[0,0],[-7.5,-3],[-2.086,-1.026],[-0.012,-0.011],[-3.846,-1.907],[-9.024,25.186]],"v":[[-60.371,57.399],[60.371,57.399],[18.074,-32.033],[-16.97,-48.275],[-23.376,-51.433],[-23.421,-51.455],[-35.331,-57.399]],"c":true},"ix":2},"nm":"Path 1","mn":"ADBE Vector Shape - Group","hd":false},{"ty":"fl","c":{"a":0,"k":[0.438999998803,0.211999990426,0.13300000359,1],"ix":4},"o":{"a":0,"k":100,"ix":5},"r":1,"bm":0,"nm":"Fill 1","mn":"ADBE Vector Graphic - Fill","hd":false},{"ty":"tr","p":{"a":0,"k":[540.512,203.517],"ix":2},"a":{"a":0,"k":[0,0],"ix":1},"s":{"a":0,"k":[100,100],"ix":3},"r":{"a":0,"k":0,"ix":6},"o":{"a":0,"k":100,"ix":7},"sk":{"a":0,"k":0,"ix":4},"sa":{"a":0,"k":0,"ix":5},"nm":"Transform"}],"nm":"Group 2","np":2,"cix":2,"bm":0,"ix":2,"mn":"ADBE Vector Group","hd":false},{"ty":"gr","it":[{"ind":0,"ty":"sh","ix":1,"ks":{"a":0,"k":{"i":[[-1.049,-41.946],[0,0],[-36.262,14.494],[-15.069,7.389],[-2.177,1.083],[-0.011,0.011],[-4.083,2.053]],"o":[[0,0],[0,0],[7.501,-3],[2.087,-1.026],[0.011,-0.011],[3.846,-1.907],[9.024,25.186]],"v":[[60.371,57.399],[-60.371,57.399],[-18.075,-32.033],[16.969,-48.275],[23.376,-51.433],[23.421,-51.455],[35.331,-57.399]],"c":true},"ix":2},"nm":"Path 1","mn":"ADBE Vector Shape - Group","hd":false},{"ty":"fl","c":{"a":0,"k":[0.438999998803,0.211999990426,0.13300000359,1],"ix":4},"o":{"a":0,"k":100,"ix":5},"r":1,"bm":0,"nm":"Fill 1","mn":"ADBE Vector Graphic - Fill","hd":false},{"ty":"tr","p":{"a":0,"k":[60.622,203.517],"ix":2},"a":{"a":0,"k":[0,0],"ix":1},"s":{"a":0,"k":[100,100],"ix":3},"r":{"a":0,"k":0,"ix":6},"o":{"a":0,"k":100,"ix":7},"sk":{"a":0,"k":0,"ix":4},"sa":{"a":0,"k":0,"ix":5},"nm":"Transform"}],"nm":"Group 3","np":2,"cix":2,"bm":0,"ix":3,"mn":"ADBE Vector Group","hd":false},{"ty":"gr","it":[{"ind":0,"ty":"sh","ix":1,"ks":{"a":0,"k":{"i":[[-21.937,-11.178],[71.769,0],[6.249,27.036],[0,0],[0,0],[-42.533,10.241]],"o":[[-7.083,30.803],[-76.426,0],[21.205,-11.144],[0,0],[42.703,9.565],[0,0]],"v":[[103.486,-34.689],[1.781,53.648],[-103.486,-34.757],[-67.709,-53.648],[-63.119,-52.624],[66.434,-53.648]],"c":true},"ix":2},"nm":"Path 1","mn":"ADBE Vector Shape - Group","hd":false},{"ty":"fl","c":{"a":0,"k":[0.438999998803,0.211999990426,0.13300000359,1],"ix":4},"o":{"a":0,"k":100,"ix":5},"r":1,"bm":0,"nm":"Fill 1","mn":"ADBE Vector Graphic - Fill","hd":false},{"ty":"tr","p":{"a":0,"k":[298.785,129.656],"ix":2},"a":{"a":0,"k":[0,0],"ix":1},"s":{"a":0,"k":[100,100],"ix":3},"r":{"a":0,"k":0,"ix":6},"o":{"a":0,"k":100,"ix":7},"sk":{"a":0,"k":0,"ix":4},"sa":{"a":0,"k":0,"ix":5},"nm":"Transform"}],"nm":"Group 4","np":2,"cix":2,"bm":0,"ix":4,"mn":"ADBE Vector Group","hd":false},{"ty":"gr","it":[{"ind":0,"ty":"sh","ix":1,"ks":{"a":0,"k":{"i":[[19.328,0],[10.36,2.687],[0.643,0.471],[-1.07,1.463],[-1.463,-1.07],[-24.638,-6.338],[-41.531,18.267],[-0.729,-1.66],[1.66,-0.73]],"o":[[-14.903,0],[-25.839,-6.701],[-1.464,-1.07],[1.071,-1.465],[0.237,0.172],[22.728,5.848],[1.659,-0.732],[0.731,1.66],[-24.495,10.773]],"v":[[6.51,14.752],[-31.7,9.913],[-73.581,-8.382],[-74.294,-12.97],[-69.705,-13.683],[-29.768,3.63],[70.305,-5.655],[74.633,-3.972],[72.95,0.356]],"c":true},"ix":2},"nm":"Path 1","mn":"ADBE Vector Shape - Group","hd":false},{"ty":"fl","c":{"a":0,"k":[0,0.337000020345,0.658999992819,1],"ix":4},"o":{"a":0,"k":100,"ix":5},"r":1,"bm":0,"nm":"Fill 1","mn":"ADBE Vector Graphic - Fill","hd":false},{"ty":"tr","p":{"a":0,"k":[299.995,206.167],"ix":2},"a":{"a":0,"k":[0,0],"ix":1},"s":{"a":0,"k":[100,100],"ix":3},"r":{"a":0,"k":0,"ix":6},"o":{"a":0,"k":100,"ix":7},"sk":{"a":0,"k":0,"ix":4},"sa":{"a":0,"k":0,"ix":5},"nm":"Transform"}],"nm":"Group 5","np":2,"cix":2,"bm":0,"ix":5,"mn":"ADBE Vector Group","hd":false},{"ty":"gr","it":[{"ind":0,"ty":"sh","ix":1,"ks":{"a":0,"k":{"i":[[0,0],[0,0],[-36.26,14.491],[-5.17,2.39],[-8.3,4.071],[-2.18,1.08],[-0.01,0.02],[-4.08,2.051],[-5.211,2.65],[-4.831,2.48],[-18.06,9.45],[-2.89,1.51],[-2.57,1.37],[0,0],[0,0],[-42.5,10.21],[-0.051,0.01],[-21.941,-11.18],[-0.281,-0.149],[-16.301,-8.201],[-7.44,-3.71],[-3.889,-1.92],[-7.299,-3.58],[-11.05,-4.75],[-0.02,-0.01],[-0.63,-0.259],[-0.56,-0.231],[-0.319,-0.13]],"o":[[0,0],[0,0],[3.371,-1.349],[6.33,-2.921],[2.09,-1.019],[0.01,-0.01],[3.85,-1.901],[4.98,-2.489],[4.739,-2.401],[21.059,-10.781],[3.121,-1.641],[19.06,-10.019],[0.29,-0.149],[0,0],[42.649,9.55],[0.05,-0.011],[0,0],[0.279,0.149],[13.25,6.75],[7.349,3.7],[3.94,1.97],[7.771,3.871],[20.121,9.84],[0.02,0],[0.69,0.3],[0.62,0.26],[0.34,0.14],[36.261,14.491]],"v":[[300.315,92.455],[-300.315,92.455],[-258.015,3.024],[-245.105,-2.635],[-222.975,-13.226],[-216.565,-16.375],[-216.525,-16.405],[-204.615,-22.346],[-189.294,-30.075],[-174.914,-37.405],[-114.285,-68.835],[-105.265,-73.566],[-69.925,-92.226],[-69.485,-92.455],[-64.894,-91.425],[64.515,-92.425],[64.656,-92.455],[101.706,-73.495],[102.536,-73.066],[147.746,-50.155],[170.005,-38.995],[181.765,-33.146],[204.465,-21.936],[253.235,1.024],[253.295,1.045],[255.275,1.894],[257.045,2.625],[258.025,3.024]],"c":true},"ix":2},"nm":"Path 1","mn":"ADBE Vector Shape - Group","hd":false},{"ty":"fl","c":{"a":0,"k":[0,0.458999992819,0.811999990426,1],"ix":4},"o":{"a":0,"k":100,"ix":5},"r":1,"bm":0,"nm":"Fill 1","mn":"ADBE Vector Graphic - Fill","hd":false},{"ty":"tr","p":{"a":0,"k":[300.565,168.463],"ix":2},"a":{"a":0,"k":[0,0],"ix":1},"s":{"a":0,"k":[100,100],"ix":3},"r":{"a":0,"k":0,"ix":6},"o":{"a":0,"k":100,"ix":7},"sk":{"a":0,"k":0,"ix":4},"sa":{"a":0,"k":0,"ix":5},"nm":"Transform"}],"nm":"Group 6","np":2,"cix":2,"bm":0,"ix":6,"mn":"ADBE Vector Group","hd":false}],"ip":0,"op":480,"st":0,"bm":0},{"ddd":0,"ind":8,"ty":4,"nm":"Back hair","sr":1,"ks":{"o":{"a":0,"k":100,"ix":11},"r":{"a":0,"k":0,"ix":10},"p":{"a":1,"k":[{"i":{"x":0.3,"y":1},"o":{"x":0.7,"y":0},"t":0,"s":[502.472,490.999,0],"to":[0,-3.333,0],"ti":[-3.667,0,0]},{"i":{"x":0.3,"y":1},"o":{"x":0.7,"y":0},"t":82.235,"s":[502.472,470.999,0],"to":[3.667,0,0],"ti":[5,-3.333,0]},{"i":{"x":0.3,"y":1},"o":{"x":0.7,"y":0},"t":154.983,"s":[524.472,490.999,0],"to":[-5,3.333,0],"ti":[3.667,0,0]},{"i":{"x":0.3,"y":1},"o":{"x":0.7,"y":0},"t":224.566,"s":[472.472,490.999,0],"to":[-3.667,0,0],"ti":[0.667,3.333,0]},{"i":{"x":0.3,"y":1},"o":{"x":0.7,"y":0},"t":297.314,"s":[502.472,490.999,0],"to":[-0.667,-3.333,0],"ti":[0,-5.333,0]},{"i":{"x":0.3,"y":1},"o":{"x":0.7,"y":0},"t":357.41,"s":[468.472,470.999,0],"to":[0,5.333,0],"ti":[-5.667,-3.333,0]},{"i":{"x":0.3,"y":1},"o":{"x":0.7,"y":0},"t":414.342,"s":[502.472,522.999,0],"to":[5.667,3.333,0],"ti":[0,5.333,0]},{"t":477.6,"s":[502.472,490.999,0]}],"ix":2,"x":"var $bm_rt;\nvar range, samples, on_off;\nrange = $bm_div(effect('Position - Smoothness')('ADBE Slider Control-0001'), 20);\nsamples = $bm_div(effect('Position - Blend Precision')('ADBE Slider Control-0001'), 2);\n$bm_rt = on_off = effect('Position - Blend On/Off')('ADBE Checkbox Control-0001');\nif (on_off == 1) {\n    try {\n        $bm_rt = smooth(range, samples);\n    } catch (e$$4) {\n        $bm_rt = smooth(1, 1);\n    }\n} else {\n    $bm_rt = value = value;\n}","l":2},"a":{"a":0,"k":[287.703,291.036,0],"ix":1,"l":2},"s":{"a":0,"k":[100,100,100],"ix":6,"l":2}},"ao":0,"ef":[{"ty":5,"nm":"Position - Smoothness","np":3,"mn":"ADBE Slider Control","ix":1,"en":1,"ef":[{"ty":0,"nm":"Slider","mn":"ADBE Slider Control-0001","ix":1,"v":{"a":0,"k":4,"ix":1,"x":"var $bm_rt;\n$bm_rt = clamp(value, 0, 100);"}}]},{"ty":5,"nm":"Position - Blend Precision","np":3,"mn":"ADBE Slider Control","ix":2,"en":1,"ef":[{"ty":0,"nm":"Slider","mn":"ADBE Slider Control-0001","ix":1,"v":{"a":0,"k":25,"ix":1,"x":"var $bm_rt;\n$bm_rt = clamp(value, 0, 100);"}}]},{"ty":5,"nm":"Position - Blend On/Off","np":3,"mn":"ADBE Checkbox Control","ix":3,"en":1,"ef":[{"ty":7,"nm":"Checkbox","mn":"ADBE Checkbox Control-0001","ix":1,"v":{"a":0,"k":1,"ix":1}}]}],"shapes":[{"ty":"gr","it":[{"ind":0,"ty":"sh","ix":1,"ks":{"a":0,"k":{"i":[[0,-117.915],[117.914,0],[0,117.914],[-117.914,0]],"o":[[0,117.914],[-117.914,0],[0,-117.915],[117.914,0]],"v":[[213.502,0],[-0.001,213.503],[-213.503,0],[-0.001,-213.503]],"c":true},"ix":2},"nm":"Path 1","mn":"ADBE Vector Shape - Group","hd":false},{"ty":"fl","c":{"a":0,"k":[0.128999986836,0.128999986836,0.128999986836,1],"ix":4},"o":{"a":0,"k":100,"ix":5},"r":1,"bm":0,"nm":"Fill 1","mn":"ADBE Vector Graphic - Fill","hd":false},{"ty":"tr","p":{"a":0,"k":[274.522,368.319],"ix":2},"a":{"a":0,"k":[0,0],"ix":1},"s":{"a":0,"k":[100,100],"ix":3},"r":{"a":0,"k":0,"ix":6},"o":{"a":0,"k":100,"ix":7},"sk":{"a":0,"k":0,"ix":4},"sa":{"a":0,"k":0,"ix":5},"nm":"Transform"}],"nm":"Group 1","np":2,"cix":2,"bm":0,"ix":1,"mn":"ADBE Vector Group","hd":false},{"ty":"gr","it":[{"ind":0,"ty":"sh","ix":1,"ks":{"a":0,"k":{"i":[[0,0],[3.93,78.293],[29.631,28.572],[-6.35,26.457],[13.188,24.447],[-37.747,21.458],[0,21.271],[-59.509,-4.648],[-36.28,11.095],[-23.282,-2.117],[-20.447,-30.942],[-31.748,-3.174],[1.059,-28.573],[-11.64,-12.699],[46.975,-14.394],[118.059,1.762]],"o":[[0,0],[-1.7,-33.886],[-29.631,-28.572],[6.349,-26.456],[-17.371,-32.203],[36.488,-20.741],[0,-27.777],[51.184,3.998],[67.568,-20.664],[23.281,2.116],[25.359,38.371],[31.747,3.175],[-1.059,28.572],[11.641,12.698],[-64.193,19.669],[-106.114,-1.583]],"v":[[-125.014,247.86],[-221.923,188.261],[-257.822,131.101],[-281.103,64.431],[-261.258,4.439],[-235.556,-104.262],[-194.96,-145.996],[-106.607,-213.889],[-27.095,-245.891],[96.497,-205.915],[180.509,-172.461],[215.214,-99.597],[277.65,-40.334],[271.3,25.277],[240.478,127.579],[122.419,240.52]],"c":true},"ix":2},"nm":"Path 1","mn":"ADBE Vector Shape - Group","hd":false},{"ty":"fl","c":{"a":0,"k":[0.128999986836,0.128999986836,0.128999986836,1],"ix":4},"o":{"a":0,"k":100,"ix":5},"r":1,"bm":0,"nm":"Fill 1","mn":"ADBE Vector Graphic - Fill","hd":false},{"ty":"tr","p":{"a":0,"k":[287.703,266.805],"ix":2},"a":{"a":0,"k":[0,0],"ix":1},"s":{"a":0,"k":[100,100],"ix":3},"r":{"a":0,"k":0,"ix":6},"o":{"a":0,"k":100,"ix":7},"sk":{"a":0,"k":0,"ix":4},"sa":{"a":0,"k":0,"ix":5},"nm":"Transform"}],"nm":"Group 2","np":2,"cix":2,"bm":0,"ix":2,"mn":"ADBE Vector Group","hd":false}],"ip":0,"op":480,"st":0,"bm":0}]}],"layers":[{"ddd":0,"ind":1,"ty":0,"nm":"Avatar 33","refId":"comp_0","sr":1,"ks":{"o":{"a":0,"k":100,"ix":11},"r":{"a":0,"k":0,"ix":10},"p":{"a":0,"k":[512,484,0],"ix":2,"l":2},"a":{"a":0,"k":[500,580,0],"ix":1,"l":2},"s":{"a":0,"k":[138,138,100],"ix":6,"l":2}},"ao":0,"w":1000,"h":1000,"ip":0,"op":480,"st":0,"bm":0}],"markers":[]}